start_time,end_time,name,car_id,car_name,shots,shots_against,goals,goals_against,saves,assists,score,avg_distance_to_ball,avg_distance_to_ball_possession,avg_distance_to_ball_no_possession,avg_distance_to_mates,time_defensive_third,time_neutral_third,time_offensive_third,time_defensive_half,time_offensive_half,time_behind_ball,time_infront_ball,time_most_back,time_most_forward,goals_against_while_last_defender,time_closest_to_ball,time_farthest_from_ball,percent_defensive_third,percent_offensive_third,percent_neutral_third,percent_defensive_half,percent_offensive_half,percent_behind_ball,percent_infront_ball,percent_most_back,percent_most_forward,percent_closest_to_ball,percent_farthest_from_ball,mvp
0,301.906,[huiTre] tMd^,1568,Octane ZSR,5,5,3,2,0,0,580,3118,2954,3276,3702,164.63,71.17,64.82,198.64,101.98,227.28,73.34,145.4,139.0,2.0,133.9,150.4,54.76349,21.562105,23.674406,66.076775,33.923225,75.60375,24.396246,52.33604,50.032394,48.19667,54.135765,False
0,348.77695,Tripz_Oh,23,Octane,3,4,0,1,1,0,230,2901,2626,3117,3890,164.27,103.08,78.17,222.1,123.42,231.68,113.84,115.3,119.4,1.0,119.2,106.5,47.54283,22.62387,29.833294,64.27992,35.720074,67.05256,32.94744,34.240067,35.457623,35.39823,31.626776,False
0,355.46765,Plum,4284,Fennec,2,4,1,2,1,0,271,2916,2892,2943,3876,119.52,133.55,100.29,180.64,172.73,258.21,95.15,94.4,123.0,0.0,115.9,103.1,33.823864,28.38182,37.79432,51.119225,48.880775,73.07279,26.927214,27.969542,36.443363,34.33972,30.547241,False
0,453.3759,Typical,23,Octane,6,8,2,2,1,0,557,2887,2515,3169,3660,189.29,131.95,127.18,262.32,186.11,305.27,143.16,129.8,160.2,0.0,158.5,152.9,42.212658,28.361805,29.425539,58.497425,41.502575,68.07528,31.924715,29.816462,36.79967,36.40916,35.12278,True
0,333.398,keatoa,23,Octane,1,5,1,1,4,1,492,3000,2705,3256,3829,130.78,123.07,70.2,205.9,118.16,239.94,84.11,94.6,97.1,1.0,107.9,105.9,40.35797,21.663322,37.97871,63.537617,36.462383,74.04413,25.955872,29.439224,30.217216,33.57814,32.95575,True
0,263.732,Rain Cozy,23,Octane,1,3,1,1,1,0,267,3059,2682,3436,3689,91.47,88.41,83.64,139.48,124.05,179.9,83.62,67.9,95.7,0.0,69.9,108.0,34.710835,31.739525,33.549633,52.92756,47.07244,68.26807,31.731937,26.979774,38.025986,27.774467,42.913338,False
0,315.42615,suho,4284,Fennec,1,7,1,0,3,1,534,2583,2756,2485,2929,202.57,85.64,27.07,242.85,72.42,252.98,62.3,146.9,91.2,0.0,104.7,96.5,64.25082,8.586018,27.163155,77.029205,22.970785,80.239784,19.760214,47.950123,29.7689,34.17548,31.498892,True
0,363.38004,truthEVA,23,Octane,1,7,1,3,1,1,314,2733,2298,3132,3356,165.98,114.78,79.16,227.68,132.25,217.5,142.42,85.0,161.8,1.0,118.6,123.0,46.115807,21.993778,31.89042,63.256744,36.743256,60.4301,39.56991,24.60986,46.845592,34.337994,35.611916,False
0,381.868,LORD OMG,23,Octane,3,7,1,4,1,1,540,2347,2123,2558,3139,159.85,124.79,96.25,227.66,153.23,262.78,118.11,150.9,212.2,0.0,200.4,162.7,41.9675,25.269762,32.762737,59.770535,40.22946,68.99104,31.008951,42.17204,59.30356,56.005814,45.469788,False
0,334.51874,jj.dunbar,4284,Fennec,0,11,0,2,3,1,386,3202,3334,3113,3773,158.95,114.55,60.8,220.06,114.24,227.22,107.08,121.9,120.3,1.0,90.6,141.9,47.547115,18.187258,34.265633,65.8271,34.1729,67.968895,32.031113,37.794933,37.298855,28.09041,43.995903,False
0,368.10922,RichieBoi,23,Octane,2,6,2,2,2,0,505,3016,2648,3412,3693,181.16,114.15,66.09,237.32,124.09,271.89,89.51,132.2,120.4,0.0,116.6,146.8,50.127285,18.287216,31.5855,65.66503,34.334965,75.23243,24.767569,37.768192,34.397053,33.31143,41.939262,True
0,381.298,Mr. Sandman,1568,Octane ZSR,3,3,0,3,1,1,300,3151,3116,3098,3441,207.96,105.39,67.18,269.45,111.08,265.89,114.64,211.2,144.4,3.0,147.8,208.0,54.65009,17.654324,27.69558,70.809135,29.190863,69.8736,30.1264,59.605453,40.752968,41.71253,58.702343,False
0,254.10706,Luke Apparently,5361,,0,8,0,5,0,0,70,3175,2882,3305,3565,137.98,77.13,38.33,178.23,75.21,158.02,95.42,77.6,87.4,3.0,57.8,105.5,54.442867,15.123896,30.433237,70.32433,29.675663,62.350063,37.649937,32.45504,36.55374,24.173985,44.123795,False
0,391.20618,Chim,4770,Dominus,2,9,3,5,2,1,669,3427,2973,3706,3794,236.65,96.43,56.72,292.24,97.56,292.07,97.73,121.1,117.9,2.0,98.0,137.0,60.71062,14.551052,24.738329,74.97179,25.028221,74.92816,25.07183,33.539204,32.652946,27.14155,37.94278,False
0,221.93332,capp,4284,Fennec,5,1,3,0,1,1,637,2989,2984,3169,3982,80.18,64.29,77.11,110.38,111.2,165.41,56.17,77.6,75.6,0.0,76.5,78.0,36.185574,34.800068,29.014349,49.81497,50.18504,74.65024,25.34976,36.95942,36.00686,36.43551,37.149933,True
0,412.01,Drizzle,6939,,1,7,0,4,0,0,130,2965,2933,2980,3406,191.54,127.26,86.64,260.66,144.78,290.41,115.04,95.6,154.7,0.0,127.4,133.9,47.2425,21.369377,31.38812,64.29065,35.709354,71.62659,28.373411,24.45263,39.569267,32.586456,34.249027,False
0,592.3409,CaZz,1018,Dominus GT,6,10,2,2,2,0,850,2974,2753,3204,3630,275.43,196.32,120.02,384.21,207.49,421.04,170.72,287.5,298.4,1.0,258.1,327.8,46.54342,20.281528,33.17505,64.93324,35.066757,71.15047,28.849533,50.062683,51.960712,44.94323,57.080166,False
0,381.10645,swarmson,2853,Twinzer,1,8,0,0,2,0,238,3014,2838,3113,3950,188.87,103.98,88.18,244.21,136.83,271.33,109.7,124.5,122.2,0.0,129.8,126.4,49.568275,23.142534,27.28919,64.090385,35.909615,71.20962,28.790386,33.190266,32.57711,34.603184,33.696785,False
0,356.14163,K2 alter.,23,Octane,3,16,2,2,5,1,752,2665,2617,2728,3619,178.24,108.56,64.25,240.69,110.36,236.33,114.72,91.2,136.8,1.0,138.0,98.7,50.773396,18.302237,30.924372,68.56288,31.437119,67.3209,32.679108,26.971075,40.456615,40.811497,29.189093,True
0,345.90698,Merzotz.,4284,Fennec,4,9,1,2,1,2,531,2694,2319,3123,3610,159.39,81.32,104.75,199.02,146.44,239.34,106.12,94.3,129.3,0.0,129.5,104.4,46.138477,30.321888,23.539627,57.610138,42.389854,69.28154,30.718464,28.756138,39.429146,39.490135,31.836063,False
0,354.96164,Bay II,23,Octane,2,6,0,1,1,2,314,2887,2930,2892,4049,141.45,96.59,109.32,189.04,158.32,254.04,93.32,103.9,130.6,0.0,128.3,95.0,40.721443,31.471674,27.806887,54.42193,45.57808,73.13451,26.865501,30.83818,38.762913,38.080254,28.196604,False
0,263.58182,yslovoxo,23,Octane,3,3,0,1,0,2,226,2304,1882,2779,3510,93.91,90.64,75.78,137.88,122.45,184.71,75.62,82.4,81.7,0.0,103.8,57.6,36.073444,29.109205,34.817345,52.963543,47.03645,70.95225,29.047747,32.7517,32.47347,41.257603,22.894392,False
0,260.206,[huiTre] tMd^,1568,Octane ZSR,2,4,0,0,1,0,180,2810,2719,3019,3662,105.15,88.56,66.28,150.64,109.35,174.51,85.48,123.5,135.2,0.0,112.1,146.4,40.443863,25.49329,34.06285,57.940693,42.05931,67.12182,32.87819,49.152275,53.808804,44.61514,58.266335,False
0,307.62936,mooniotho,23,Octane,1,4,1,1,0,0,202,3300,3076,3475,3759,134.53,90.25,82.14,176.44,130.49,225.97,80.96,100.7,97.8,0.0,78.2,104.5,43.83227,26.762676,29.405058,57.48542,42.514584,73.62265,26.37735,34.768497,33.76722,26.999964,36.080517,False
0,336.51965,Skizo,4770,Dominus,3,7,1,1,3,1,501,3051,2977,3109,3832,189.64,86.33,60.31,237.0,99.27,238.32,97.96,116.2,96.8,0.0,107.5,113.4,56.393482,17.93446,25.67206,70.47908,29.520922,70.869514,29.130487,35.80783,29.829588,33.126865,34.944992,True
0,361.6598,IzJenks,23,Octane,1,6,0,4,1,1,240,3094,2793,3297,3684,145.48,128.39,84.2,211.96,146.11,259.13,98.94,97.2,134.9,0.0,120.9,121.1,40.628925,23.514956,35.856117,59.19513,40.80487,72.36853,27.631468,28.53201,39.598434,35.488888,35.547596,False
0,382.20078,tynitot,23,Octane,4,8,3,6,0,1,643,2918,2605,3212,3488,194.9,105.94,80.53,260.0,121.37,279.87,101.5,91.5,115.7,1.0,112.4,124.5,51.10523,21.115976,27.778797,68.17526,31.824738,73.38543,26.614574,25.97587,32.84599,31.909155,35.344215,False
0,358.4432,maybedertdawg,23,Octane,1,5,0,2,1,0,257,2937,2925,3005,3841,169.09,98.62,90.4,220.75,137.35,244.39,113.72,117.8,102.7,2.0,124.2,119.3,47.21734,25.24364,27.539026,61.64479,38.35521,68.2444,31.755608,34.003983,29.645239,35.8514,34.436974,False
0,362.18744,Drogon,23,Octane,3,3,1,0,1,2,371,3228,3324,3064,3984,159.96,131.31,67.46,232.37,126.36,272.51,86.21,131.8,104.8,0.0,101.2,122.5,44.59064,18.80523,36.60413,64.77574,35.224266,75.96733,24.032671,38.635162,30.720524,29.66524,35.909008,False
0,361.57324,zThatguyz,23,Octane,0,8,0,3,0,0,58,3586,3867,3397,3903,197.61,116.51,43.97,260.16,97.92,264.48,93.6,137.5,107.6,1.0,77.5,150.5,55.184452,12.2790365,32.536514,72.65415,27.345842,73.86059,26.139408,40.024452,31.320951,22.559237,43.80858,False
0,467.60797,MustachioRL,4284,Fennec,4,11,1,4,1,1,488,2899,2987,2758,3788,221.92,133.97,110.9,292.51,174.28,336.64,130.15,146.7,145.5,2.0,163.8,151.8,47.54172,23.758007,28.700272,62.66415,37.335846,72.11808,27.881914,33.06586,32.795383,36.920162,34.21539,False
0,323.631,Ktenium LykA1,1018,Dominus GT,4,7,3,2,0,2,830,3033,3111,3021,3659,184.41,95.03,43.6,232.59,90.44,259.22,63.82,154.9,164.5,1.0,156.0,163.4,57.085808,13.49678,29.417408,72.0026,27.9974,80.24393,19.756067,51.19476,54.367584,51.558315,54.00403,True
0,400.65457,k.anek.i,4284,Fennec,2,8,0,3,1,2,366,2784,2894,2673,4019,181.33,123.45,92.03,250.21,146.6,285.57,111.24,135.9,137.7,1.0,140.8,110.4,45.696934,23.19246,31.110607,63.055367,36.944637,71.96643,28.033567,35.523838,35.994354,36.804684,28.85822,False
0,333.17154,Andrueninja,4284,Fennec,3,6,0,1,0,0,182,2327,2253,2404,3267,115.6,91.41,125.86,155.95,176.92,221.42,111.46,75.2,135.3,0.0,136.3,73.9,34.72827,37.81056,27.461172,46.85012,53.14988,66.516464,33.483536,23.413662,42.12591,42.437263,23.008905,False
0,362.116,[huiTre] tMd^,1568,Octane ZSR,4,6,1,4,1,0,490,2692,2479,2888,3513,160.1,122.02,76.41,218.38,140.15,285.02,73.51,197.5,165.4,3.0,177.4,185.5,44.654564,21.312025,34.033413,60.90983,39.09017,79.496826,20.503166,57.9094,48.497288,52.015835,54.390854,False
0,362.302,Hoax,23,Octane,3,8,0,5,2,1,297,3485,3381,3500,3912,194.39,92.84,71.56,242.79,116.0,266.43,92.36,157.5,82.3,3.0,101.8,129.3,54.179325,19.944815,25.87586,67.66911,32.33089,74.25793,25.742079,46.151142,24.115803,29.829754,37.88789,False
0,445.029,Meiscool1122_,23,Octane,0,7,0,3,0,1,202,3105,3254,3050,3840,196.85,135.91,111.01,267.1,176.67,298.85,144.92,111.0,153.7,1.0,123.5,139.1,44.358562,25.01521,30.626225,60.188835,39.81116,67.34344,32.656555,25.99349,35.992786,28.920685,32.573826,False
0,347.9915,sameolemeek._.,4284,Fennec,4,9,0,0,2,3,495,2857,2879,2818,3548,158.29,97.15,80.05,210.13,125.36,240.57,94.93,104.5,116.6,0.0,96.2,110.8,47.181732,23.860624,28.957645,62.633762,37.36624,71.70492,28.295082,31.388922,35.023426,28.89583,33.28127,False
0,354.96164,Roskiller.,23,Octane,5,6,2,1,2,1,516,3269,3333,3314,4216,135.39,132.84,86.24,198.48,155.98,271.68,82.79,110.2,92.7,0.0,102.6,114.4,38.195053,24.32928,37.475666,55.995037,44.004967,76.644005,23.355997,32.70806,27.513948,30.452332,33.954647,True
0,373.48,Can't Fly,403,Dominus,4,4,1,4,2,0,470,2563,2186,3023,3538,162.78,119.34,90.67,218.51,154.2,273.37,99.42,152.6,207.5,1.0,186.9,173.2,43.665337,24.322006,32.012665,58.627354,41.37265,73.33083,26.669172,43.668625,59.37902,53.484043,49.5636,False
0,387.361,smrdf,403,Dominus,6,5,5,4,0,1,1120,2491,2336,2679,3363,184.18,107.52,94.47,236.6,149.47,271.41,114.77,144.9,223.2,1.0,207.9,160.4,47.694023,24.46332,27.84266,61.28422,38.715775,70.2807,29.719303,40.89985,63.001015,58.6824,45.27492,True
0,544.6697,yhunguzi,4284,Fennec,6,14,2,6,3,2,743,2729,2666,2752,3473,206.8,201.99,126.37,302.03,233.13,384.2,150.96,134.6,183.6,1.0,179.4,164.7,38.642647,23.613497,37.74385,56.437325,43.56267,71.79161,28.208385,26.466368,36.101223,35.27538,32.384922,False
0,452.9153,Treezy,23,Octane,8,8,1,2,1,2,469,3001,2610,3316,3599,179.62,164.32,104.35,256.89,191.4,302.29,146.01,133.5,156.8,0.0,126.8,156.2,40.067814,23.277342,36.654842,57.30443,42.695576,67.4303,32.569706,30.701654,36.06007,29.160822,35.922085,False
0,261.72025,Baconpasmagique,23,Octane,1,5,1,1,2,0,347,3054,2782,3349,3275,144.96,76.77,39.57,191.42,69.88,192.72,68.58,69.4,106.8,0.0,84.8,91.4,55.47647,15.143514,29.380022,73.2568,26.743206,73.75431,26.245695,28.838562,44.379807,35.2379,37.98047,False
0,344.432,[huiTre] tMd^,1568,Octane ZSR,4,5,0,3,1,1,370,3252,2986,3555,3569,130.93,144.63,68.34,200.1,143.81,234.16,109.74,167.4,174.4,0.0,129.1,212.7,38.072113,19.872055,42.055832,58.183826,41.816174,68.08956,31.91044,50.810417,52.93511,39.185337,64.56019,False
0,363.75015,pandy,23,Octane,5,4,2,2,1,2,522,2824,2932,2796,3743,159.46,131.11,72.92,223.17,140.33,284.33,79.17,130.2,96.6,1.0,134.2,107.3,43.86916,20.061075,36.06977,61.39477,38.60523,78.22008,21.779917,37.99685,28.19121,39.164185,31.313839,False
0,335.579,Weishaupten,402,Takumi,2,4,1,1,3,0,510,3354,3508,3218,3944,233.34,60.38,40.98,273.02,61.61,283.59,51.11,234.8,106.9,1.0,120.2,221.3,69.71616,12.2438,18.040035,81.588615,18.411379,84.72961,15.2703905,72.56769,33.038696,37.149216,68.395355,False
0,391.20618,Aruchizan,23,Octane,3,9,1,5,0,1,228,3039,3183,2933,3912,221.28,92.21,68.87,272.76,109.6,282.93,99.43,127.9,120.6,3.0,119.1,118.9,57.872166,18.011824,24.116016,71.335915,28.664085,73.99571,26.00429,35.422493,33.400726,32.985294,32.9299,False
0,362.323,[huiTre] tMd^,1568,Octane ZSR,5,4,2,2,1,1,630,3032,3073,3014,3423,151.41,126.98,82.33,211.53,149.13,271.82,88.91,163.1,184.9,0.0,149.1,199.1,41.974384,22.823797,35.201817,58.650806,41.349194,75.35275,24.647242,47.789272,54.1768,43.687187,58.337482,False
0,313.813,[huiTre] tMd^,1568,Octane ZSR,2,4,1,1,1,2,580,3069,2898,3281,3707,145.4,91.47,76.51,191.55,121.83,236.38,77.0,179.4,133.9,0.0,136.8,176.4,46.397343,24.414448,29.188206,61.123875,38.876125,75.42919,24.570808,60.040165,44.812584,45.783134,59.036148,False
0,412.01,Curiosity Cosby,8807,,4,7,3,4,1,0,583,2991,3158,2863,3494,200.19,140.84,67.48,270.59,137.92,306.68,101.83,147.4,134.2,2.0,138.3,148.5,49.00492,16.518568,34.476513,66.23828,33.76172,75.07282,24.927174,37.702065,34.325764,35.374462,37.983425,False
0,396.53964,Steel,4284,Fennec,3,8,2,4,1,1,522,3195,3152,3243,3995,226.08,109.88,60.21,293.07,103.09,307.03,89.14,130.1,123.0,2.0,130.5,124.8,57.06641,15.198021,27.735567,73.977684,26.022314,77.499565,22.500443,34.934616,33.028114,35.042023,33.51145,False
0,140.74597,TwistedHydro,23,Octane,2,0,2,0,0,0,264,3163,3236,3046,3817,57.81,41.64,40.1,70.33,69.22,113.9,25.65,65.9,39.7,0.0,39.1,52.3,41.42601,28.735218,29.838766,50.397705,49.60229,81.61949,18.380508,51.184467,30.834951,30.36893,40.62136,False
0,344.38272,HunterJ14,403,Dominus,2,7,1,3,2,0,344,2695,2763,2678,3188,185.68,113.76,44.58,254.37,89.64,232.2,111.81,86.2,104.0,1.0,113.9,88.2,53.973606,12.9585495,33.067844,73.94262,26.05738,67.49804,32.50196,26.17038,31.574472,34.58012,26.777582,False
0,381.10645,S1ipperyBeaver,23,Octane,0,8,0,0,2,1,247,3374,3134,3560,3979,196.76,110.65,73.51,251.72,129.21,283.33,97.59,129.9,129.4,0.0,108.0,150.2,51.653893,19.298016,29.048096,66.08038,33.91962,74.38045,25.619555,34.62984,34.496548,28.791555,40.041588,False
0,388.97,Zethy,23,Octane,3,8,2,4,2,1,810,2869,3014,2788,2863,243.73,94.56,49.4,305.78,81.92,321.07,66.62,237.4,142.3,1.0,158.7,221.0,62.867237,12.742139,24.390621,78.870255,21.12974,82.81617,17.183834,66.11708,39.63126,44.198742,61.549603,True
0,468.69626,TIMIOH,1568,Octane ZSR,2,5,0,1,1,0,240,2527,2424,2622,3023,222.93,145.49,97.01,281.92,183.52,352.81,112.62,258.8,213.8,0.0,167.6,305.3,47.897644,20.843092,31.259268,60.57065,39.429356,75.803024,24.19698,56.668633,46.815125,36.698856,66.85059,False
0,352.22647,Dade Murphy,23,Octane,4,2,2,1,0,0,336,2987,2950,3006,3751,126.44,121.89,103.49,189.03,162.79,244.33,107.49,106.9,108.6,0.0,113.9,108.5,35.93883,29.41561,34.645557,53.72918,46.270817,69.44744,30.552555,31.990664,32.4994,34.08547,32.469475,False
0,355.46765,Chris <3,22,Breakout,3,4,0,2,1,2,345,3085,2859,3268,3970,145.43,113.57,96.07,198.35,156.72,271.34,83.74,107.7,123.3,2.0,118.9,121.6,40.95812,27.056637,31.98524,55.862225,44.137775,76.41659,23.583418,31.910164,36.53225,35.228584,36.02856,False
0,372.4485,M_Begler,23,Octane,3,5,2,4,1,0,516,3415,3388,3468,3918,168.36,96.05,103.53,213.25,154.69,248.95,118.99,77.8,138.3,1.0,94.0,111.7,45.75746,28.13774,26.1048,57.957817,42.04218,67.660484,32.33951,22.328733,39.692333,26.978159,32.05809,False
0,284.546,Hexyh,2269,'99 Nissan Skyline GT-R R34,3,7,1,4,1,0,460,3006,2909,3066,3237,177.26,67.92,38.87,214.65,69.31,219.76,64.28,163.2,109.0,2.0,108.1,163.7,62.40451,13.684211,23.911283,75.59164,24.408367,77.36939,22.630617,60.554337,40.443768,40.10983,60.73986,False
0,339.35962,Deportation,23,Octane,2,6,0,1,0,0,172,2482,2314,2685,3782,94.94,122.95,121.26,155.2,183.95,229.64,109.51,57.2,140.9,1.0,140.3,66.9,27.993511,35.75409,36.25239,45.761463,54.238537,67.71046,32.289547,17.47472,43.045242,42.861946,20.438091,False
0,362.87827,BioWeapon1001,23,Octane,3,6,2,2,0,0,350,3158,3100,3220,3796,171.16,109.21,75.07,232.33,123.11,263.86,91.58,102.7,136.0,1.0,110.9,120.2,48.1544,21.120302,30.725298,65.36405,34.635944,74.23475,25.76525,30.037144,39.77655,32.435436,35.15545,True
0,315.45636,ZiniKami!,4284,Fennec,3,7,1,2,1,4,543,3098,2571,3695,4119,147.99,102.9,64.12,200.21,114.8,223.18,91.83,89.9,109.7,1.0,95.1,94.6,46.97946,20.35491,32.66563,63.55671,36.443287,70.84854,29.151455,30.529427,37.253372,32.29531,32.125515,False
0,334.55945,Deejaythepianoguy #BLM,4284,Fennec,3,3,0,1,0,0,128,2874,2818,2915,3743,141.9,108.73,83.61,197.47,136.78,232.66,101.58,104.8,100.5,0.0,116.2,95.7,42.45452,25.01496,32.530518,59.078533,40.921467,69.608665,30.391336,32.490078,31.156994,36.024307,29.6689,False
0,418.52414,imjusthere,23,Octane,2,12,0,3,0,3,333,2694,2616,2773,3463,202.75,112.84,95.6,263.11,148.08,303.5,107.69,130.0,122.2,0.0,131.3,128.0,49.308105,23.249592,27.4423,63.987446,36.01255,73.81016,26.189838,32.95227,30.975134,33.28179,32.445312,False
0,468.69626,ESPAVILAOH,23,Octane,3,5,2,1,3,0,980,1732,1491,1932,3023,221.8,131.89,111.7,294.52,170.87,356.88,108.51,232.3,258.0,1.0,296.1,193.9,47.65895,24.001375,28.339672,63.284554,36.715443,76.68407,23.315928,50.866013,56.493465,64.836105,42.457684,True
0,379.34525,Ronaldinho Bruxo,23,Octane,4,4,3,2,0,0,534,3092,2700,3499,4034,152.41,138.23,88.24,231.05,147.83,260.86,118.02,93.9,146.3,0.0,116.1,109.1,40.226456,23.289696,36.483845,60.98237,39.01763,68.850296,31.149706,25.986607,40.488182,32.130405,30.19317,True
0,400.65457,ViiPeR6104,4284,Fennec,4,8,1,3,0,0,274,3148,2887,3508,4205,169.23,145.99,79.7,249.91,145.01,292.29,102.64,132.3,132.9,2.0,140.5,143.0,42.85172,20.181303,36.966984,63.281174,36.71883,74.01058,25.989416,34.58281,34.739647,36.726265,37.379757,False
0,450.56696,The Jkings13.,4284,Fennec,6,13,1,4,1,1,491,2448,2396,2490,3552,174.04,141.05,132.04,243.15,203.97,297.7,149.43,137.4,179.9,2.0,168.1,131.1,38.9238,29.53056,31.545635,54.381374,45.618626,66.58019,33.419807,31.982494,41.87519,39.128513,30.516052,False
0,316.50723,PC Amen,4284,Fennec,1,9,0,1,3,0,371,3107,2930,3373,4032,150.61,84.68,62.81,200.75,97.35,230.01,68.08,156.7,82.1,1.0,94.4,120.9,50.52331,21.07011,28.406574,67.34317,32.656826,77.16126,22.83874,50.460487,26.437817,30.398659,38.932182,False
0,364.356,Can't Fly,403,Dominus,6,8,3,2,2,0,980,2579,2380,2786,3564,171.49,112.96,79.2,233.37,130.27,251.33,112.31,133.6,216.6,1.0,185.7,165.6,47.15798,21.779182,31.062836,64.17611,35.82389,69.11506,30.88494,38.913002,63.087994,54.087906,48.23348,True
0,389.64664,Metaellihead,5361,,5,4,3,3,0,1,595,2810,2824,2778,3818,180.74,123.34,83.02,243.54,143.56,307.11,80.0,104.0,114.3,0.0,148.7,78.1,46.690777,21.446653,31.862568,62.91398,37.086025,79.33404,20.665962,28.92585,31.79062,41.358402,21.7222,True
0,327.41983,TOZZ,23,Octane,2,5,1,0,1,0,256,2879,2694,3096,3791,128.16,102.46,89.38,183.99,136.02,221.27,98.74,84.7,125.7,0.0,96.7,102.8,40.05,27.93125,32.01875,57.495075,42.50492,69.144714,30.855286,26.600086,39.476162,30.368694,32.284405,False
0,337.60483,gadksadsas,23,Octane,2,13,1,6,3,0,386,3014,3217,2853,3471,220.26,76.03,33.72,261.57,68.44,243.58,86.43,122.3,97.4,1.0,95.3,111.0,66.74343,10.217872,23.038694,79.26123,20.738766,73.80988,26.190115,39.37794,31.360682,30.684526,35.739586,False
0,218.873,[huiTre] tMd^,1568,Octane ZSR,3,3,2,1,0,2,460,3355,3291,3357,3853,101.42,72.51,43.06,144.63,72.37,172.78,44.21,95.6,111.1,0.0,85.1,121.6,46.739483,19.844233,33.416286,66.64977,33.35023,79.62579,20.374212,47.59771,55.31491,42.369926,60.54269,False
0,338.74,Moinsen,1856,Jäger 619,3,5,2,0,2,0,750,2255,2190,2342,3759,136.19,108.54,90.66,190.6,144.68,260.54,74.85,162.3,171.3,0.0,196.5,137.3,40.606457,27.031216,32.362324,56.848007,43.15199,77.68269,22.3173,49.683163,52.43824,60.152447,42.03018,True
0,366.94836,ZeezyPlayzz,23,Octane,2,11,4,3,1,0,619,2885,2803,2963,3740,231.5,90.72,38.18,281.64,78.76,256.74,103.65,129.2,119.0,1.0,102.1,138.5,64.234184,10.593785,25.172031,78.14651,21.853495,71.239494,28.760511,37.353996,34.404995,29.518908,40.04279,True
0,325.88165,catdog0155,23,Octane,4,4,1,0,2,1,472,2917,2691,3153,3666,139.36,90.08,96.27,185.41,140.31,234.85,90.87,110.6,118.2,0.0,111.5,117.4,42.786526,29.556967,27.656502,56.923122,43.076874,72.10181,27.898195,34.908314,37.307076,35.192375,37.054573,True
0,339.44305,XAlmighty_Push_X,23,Octane,4,4,3,0,0,0,539,2681,2628,2705,3351,204.8,77.12,56.85,248.34,90.43,253.97,84.8,111.5,103.3,0.0,114.9,97.8,60.454,16.781298,22.76471,73.30637,26.693628,74.96826,25.03173,34.05204,31.547764,35.090397,29.868067,True
0,340.02,Can't Fly,403,Dominus,4,4,1,1,1,0,650,2538,2514,2499,2936,147.35,113.07,79.24,202.11,137.55,266.46,73.19,207.2,126.1,1.0,149.9,183.4,43.38162,23.329212,33.28917,59.50362,40.49638,78.45135,21.548653,63.17266,38.446297,45.70261,55.91634,True
0,295.18274,Can't Fly,403,Dominus,3,4,4,2,1,0,880,2984,2859,3057,3737,132.65,88.62,73.14,168.5,125.9,248.56,45.84,149.5,128.0,1.0,129.2,148.1,45.05621,24.842905,30.10088,57.235054,42.764946,84.42935,15.570653,54.51628,46.676147,47.113735,54.005764,True
0,379.13818,NGU_IC3,9053,,2,11,2,4,4,1,738,2402,2340,2441,3462,217.49,100.01,57.78,273.59,101.68,275.11,100.16,172.5,181.5,2.0,199.1,154.9,57.954056,15.3965025,26.649433,72.90485,27.09516,73.30988,26.690117,48.57239,51.106606,56.062397,43.616596,False
0,352.61072,Dsife,23,Octane,3,8,0,2,2,3,371,3036,2768,3272,3838,156.94,110.96,78.16,202.42,143.64,255.6,90.46,122.5,107.1,0.0,98.1,131.0,45.350517,22.58568,32.063805,58.49275,41.50725,73.86002,26.139977,36.617443,32.014107,29.323847,39.158245,False
0,368.10922,doyousmelldooky,1624,Endo,2,6,1,2,0,0,286,2677,2424,2815,3511,181.88,113.57,69.23,240.86,123.82,253.5,111.18,105.5,118.1,1.0,129.5,101.4,49.87386,18.983767,31.14237,66.04694,33.953056,69.513,30.487003,30.140274,33.739964,36.99683,28.968946,False
0,358.09537,adrigalos,23,Octane,3,7,1,2,2,0,372,2632,2599,2654,3736,167.79,95.86,90.96,217.38,137.24,261.99,92.63,109.2,103.7,1.0,134.0,96.5,47.316772,25.650717,27.032516,61.29942,38.700584,73.87908,26.120918,32.110092,30.492826,39.402496,28.375677,False
0,362.18744,Viserion,23,Octane,1,3,0,0,2,2,296,3111,3003,3305,3847,137.51,142.37,81.32,210.65,150.55,274.89,86.31,110.7,106.1,0.0,116.4,117.8,38.07032,22.513844,39.415836,58.31949,41.680508,76.10465,23.895348,32.45002,31.101599,34.120888,34.531277,False
0,388.52148,WHATASAVE,23,Octane,2,8,2,4,0,0,314,3221,3406,3060,3725,233.78,99.26,48.03,294.95,86.12,301.09,79.98,142.6,105.0,1.0,114.4,117.0,61.34831,12.603983,26.047707,77.40048,22.599522,79.01173,20.98827,39.78462,29.294424,31.916971,32.642357,False
0,490.60123,Supsto,23,Octane,3,11,2,1,3,0,664,2692,2166,3202,3783,229.31,130.8,115.02,296.4,178.73,327.9,147.23,161.6,161.4,0.0,185.7,131.0,48.26258,24.20811,27.529308,62.382927,37.617073,69.01269,30.987309,33.761623,33.719837,38.796616,27.36864,True
0,370.843,KingYashy,2269,'99 Nissan Skyline GT-R R34,4,6,3,3,1,0,740,3099,2925,3059,3629,226.08,96.0,47.77,277.57,92.27,272.64,97.2,178.1,169.7,2.0,142.9,204.9,61.127483,12.916047,25.956469,75.05138,24.948627,73.71836,26.281633,52.265522,49.800446,41.93567,60.130295,False
0,335.72604,gyat,4284,Fennec,2,10,0,2,3,0,348,2787,3091,2513,3388,193.29,69.71,69.31,232.51,99.8,244.41,87.9,143.3,84.4,1.0,107.6,109.3,58.165573,20.857033,20.977404,69.967804,30.0322,73.5488,26.451206,44.270752,26.07433,33.24168,33.766876,False
0,379.5088,Chim,4770,Dominus,0,10,0,5,0,2,246,3551,3194,3864,3883,230.15,101.28,45.98,285.45,91.96,257.4,120.01,124.1,134.9,2.0,123.1,122.0,60.981426,12.183037,26.835537,75.633934,24.366074,68.20169,31.79831,35.212666,38.277103,34.928925,34.616802,False
0,327.41983,Atrophy,1568,Octane ZSR,0,5,0,0,3,0,342,2884,2863,2918,3800,157.51,100.17,66.53,200.68,123.53,250.33,73.88,105.4,102.8,0.0,109.1,107.9,48.582706,20.52065,30.896643,61.898155,38.10185,77.2123,22.787699,33.100933,32.284405,34.26292,33.886063,True
0,377.93643,Armo27,23,Octane,2,14,1,7,0,1,262,3292,2955,3501,3812,205.24,93.18,75.42,252.86,120.98,270.02,103.82,118.0,109.7,2.0,97.2,126.5,54.900494,20.174406,24.925102,67.638565,32.36144,72.22876,27.77124,34.523113,32.094795,28.437683,37.00995,False
0,321.07336,[huiTre] tMd^,1568,Octane ZSR,1,3,1,1,0,0,270,2804,2828,2817,3556,152.93,91.15,73.23,203.9,113.41,232.7,84.61,170.8,146.3,1.0,140.9,176.2,48.195766,23.078379,28.725851,64.25893,35.741074,73.33523,26.664776,55.255413,47.329433,45.582478,57.002365,False
0,257.2364,Kova,23,Octane,0,2,0,1,0,0,50,2894,2823,2941,3555,120.87,63.64,72.28,152.69,104.09,179.71,77.07,140.5,118.4,1.0,102.8,155.9,47.069595,28.147516,24.782898,59.463356,40.536648,69.98598,30.014019,57.997936,48.87513,42.4355,64.355,False
0,326.9482,Jarektmnx,23,Octane,3,6,0,2,2,0,300,2520,2362,2613,3459,139.61,103.67,80.35,190.14,133.5,226.88,96.76,182.9,140.4,0.0,149.6,173.7,43.138767,24.827736,32.033493,58.75046,41.249535,70.10258,29.897415,57.53562,44.166218,47.060307,54.64154,False
0,445.029,Dusted7025,403,Dominus,5,7,1,3,4,1,654,3073,3050,3089,3812,226.63,148.62,65.49,309.31,131.42,357.52,83.22,187.9,105.8,1.0,158.6,115.4,51.42034,14.859101,33.720562,70.18129,29.81871,81.11812,18.881882,44.00159,24.775778,37.14025,27.023863,False
0,313.813,Can't Fly,403,Dominus,5,4,3,1,0,1,840,2456,2130,2739,3707,116.13,102.27,94.87,156.31,156.85,224.75,88.53,126.5,171.6,1.0,169.0,129.2,37.07026,30.283781,32.64596,49.91378,50.08622,71.74094,28.259066,42.336014,57.42972,56.559574,43.239628,True
0,450.6133,Metaellihead,5361,,2,9,1,2,2,0,348,3009,3006,2970,3735,219.5,130.48,100.07,289.65,160.4,340.6,109.45,133.1,134.9,0.0,156.1,119.0,48.77236,22.235308,28.992334,64.35952,35.640484,75.68048,24.31952,30.771011,31.187145,36.088318,27.51127,False
0,377.52408,Armo27,23,Octane,2,14,1,7,0,1,262,3292,2968,3496,3818,204.91,93.06,75.44,252.3,121.11,269.65,103.76,118.3,112.5,2.0,97.2,126.2,54.875336,20.202993,24.921667,67.56648,32.433517,72.212845,27.787151,34.644333,32.945793,28.465166,36.95786,False
0,389.64664,BioWeapon1001,23,Octane,3,4,0,3,0,3,345,3521,3453,3607,3955,199.81,106.0,76.61,252.97,129.45,307.31,75.11,133.5,102.9,1.0,101.4,143.4,52.24884,20.03295,27.718216,66.14979,33.85022,80.35929,19.64071,37.130775,28.619902,28.202703,39.884293,False
0,344.432,Can't Fly,403,Dominus,4,5,1,3,1,0,430,2342,2208,2468,3569,137.71,121.66,81.46,190.61,150.11,241.13,99.71,178.4,167.9,3.0,213.1,133.2,40.40431,23.900476,35.695213,55.943295,44.0567,70.745804,29.254196,54.149216,50.96218,64.6816,40.429794,False
0,412.01,LOWKEYloki,4284,Fennec,0,7,0,4,0,2,300,3028,3086,2947,3265,227.87,110.12,66.97,283.97,120.99,320.19,84.77,151.8,98.7,2.0,119.1,119.0,56.269756,16.537436,27.19281,70.12298,29.877026,79.06707,20.932932,38.827503,25.24555,30.463474,30.437897,False
0,368.09277,pandy,23,Octane,3,11,0,2,2,1,262,2535,2394,2573,3605,213.49,98.73,48.08,268.7,91.6,230.58,129.72,117.3,116.1,1.0,134.2,107.8,59.253395,13.344435,27.402163,74.576744,25.423258,63.99667,36.00333,32.94759,32.610527,37.69451,30.2792,False
0,315.45636,Zw9,4284,Fennec,4,7,3,2,2,1,656,2846,2456,3082,3887,154.27,95.3,62.44,211.85,100.16,228.84,83.17,100.2,95.6,1.0,95.5,93.0,49.443928,20.012178,30.543892,67.89846,32.101536,73.3438,26.656197,34.027237,32.465107,32.43115,31.582165,True
0,203.17749,Pharaoh,8807,,3,2,3,0,0,0,423,3457,3689,3311,4133,79.0,65.79,54.93,107.83,91.89,165.83,33.89,68.3,51.2,0.0,53.6,71.1,39.555378,27.503504,32.941116,53.990585,46.009415,83.03124,16.968756,35.74045,26.792255,28.048141,37.20565,True
0,380.6853,Bwin,4780,Battle Bus,2,6,1,4,2,1,369,2983,3000,3001,3482,176.65,120.79,73.85,245.78,125.52,290.12,81.17,128.2,109.1,2.0,120.5,123.2,47.577366,19.890112,32.53252,66.19445,33.80555,78.13839,21.861618,35.950645,30.594503,33.791363,34.54851,False
0,383.26633,kaebun,23,Octane,1,12,0,3,1,1,220,3050,3069,3068,3634,200.59,124.28,54.74,269.4,110.22,270.32,109.29,127.3,127.4,1.0,109.6,144.3,52.841076,14.420063,32.738865,70.965706,29.034298,71.20992,28.790073,34.86334,34.890724,30.015882,39.51909,False
0,372.61,[huiTre] tMd^,1568,Octane ZSR,1,13,0,3,6,0,630,2603,2578,2619,3478,212.83,97.23,61.78,259.25,112.48,266.3,105.54,205.4,156.8,2.0,172.6,189.6,57.236984,16.614674,26.148344,69.74148,30.25852,71.61682,28.383175,57.917885,44.21385,48.66907,53.462666,False
0,203.17749,DocSwag,4284,Fennec,0,2,1,0,0,0,190,2918,2401,3166,3891,82.26,71.96,45.69,124.39,75.51,168.57,31.33,75.6,61.6,0.0,73.1,58.7,41.148518,22.855284,35.996197,62.226116,37.773888,84.327156,15.672835,39.56044,32.234432,38.252224,30.716902,False
0,293.947,Hou je Haags,23,Octane,1,8,0,1,4,1,470,2483,2553,2328,3135,152.57,88.93,52.17,209.34,84.33,208.61,85.06,134.6,152.7,1.0,141.7,145.6,51.952873,17.764837,30.282288,71.284096,28.715908,71.03552,28.964485,47.738964,54.158535,50.257137,51.64036,False
0,400.727,Oli_Verkahn,23,Octane,2,11,1,5,2,1,610,2631,2286,2925,3399,199.68,109.26,87.68,272.26,124.28,268.3,128.31,194.2,190.0,2.0,201.2,183.1,50.34542,22.106802,27.54778,68.6589,31.3411,67.648315,32.35168,52.395855,51.26268,54.284477,49.401035,False
0,333.398,Doi 2000,4284,Fennec,3,5,0,1,0,0,198,2782,2525,3058,3912,144.17,98.64,87.08,195.88,133.95,247.71,82.19,121.2,114.9,0.0,129.3,101.8,43.702446,26.396677,29.900875,59.38817,40.611828,75.08639,24.913609,37.71706,35.75652,40.237755,31.67984,False
0,356.49182,XyloDrum,2269,'99 Nissan Skyline GT-R R34,2,6,1,2,3,1,630,2777,2852,2640,3513,183.01,79.11,86.59,224.48,124.22,255.36,93.34,178.6,170.8,1.0,166.3,182.7,52.48201,24.831524,22.686476,64.37625,35.623745,73.232,26.767994,52.769978,50.465355,49.135765,53.981384,False
0,368.94604,Nothingippo,23,Octane,4,8,3,3,1,0,481,2825,2816,2792,3430,158.18,101.13,104.99,209.18,155.12,243.89,120.42,100.2,127.8,2.0,86.2,124.8,43.420258,28.819654,27.760088,57.419712,42.58029,66.94573,33.054268,29.051899,37.05422,24.992752,36.184402,False
0,544.6697,ChimbaCammy,4284,Fennec,6,14,1,6,3,0,521,2640,2635,2663,3440,233.8,155.45,147.78,311.07,225.96,386.51,150.52,191.5,174.8,3.0,184.6,174.7,43.53574,27.518015,28.94624,57.924133,42.07586,71.97176,28.028229,37.6546,34.370884,36.297855,34.35122,False
0,368.1534,pandy,23,Octane,3,11,0,2,2,1,262,2534,2396,2566,3608,213.37,98.85,48.15,268.45,91.92,230.38,129.98,118.0,118.2,1.0,135.4,109.3,59.20859,13.361268,27.430141,74.49289,25.507118,63.930515,36.06949,33.133038,33.189194,38.018753,30.690176,False
0,402.9959,Can't Fly,403,Dominus,6,3,4,3,0,1,1130,2609,2432,2810,3618,205.91,108.52,87.55,264.15,137.83,313.65,88.33,185.6,195.9,2.0,209.9,171.4,51.22394,21.77969,26.996367,65.71223,34.287777,78.026276,21.973732,49.772057,52.53419,56.28855,45.964066,True
0,221.93332,Synth,2269,'99 Nissan Skyline GT-R R34,1,1,0,0,0,1,196,2701,2469,2861,3444,69.23,80.35,71.93,115.37,106.14,160.62,60.89,61.5,54.2,0.0,67.9,56.2,31.25367,32.472572,36.273754,52.083424,47.91657,72.5114,27.488602,29.291292,25.81444,32.339493,26.767002,False
0,379.5088,Metaellihead,23,Octane,2,10,2,5,0,0,336,2980,2924,3032,3574,227.53,101.98,41.21,296.98,73.73,264.7,106.02,124.6,111.1,2.0,124.3,102.8,61.37516,11.116206,27.508633,80.11114,19.888863,71.4016,28.598404,35.354538,31.52399,35.269417,29.168913,False
0,353.89926,Yozora Yuno,4284,Fennec,2,7,1,3,0,0,254,2946,2893,2946,3806,170.13,104.06,70.92,216.57,128.54,252.65,92.46,108.8,108.1,1.0,105.4,111.2,49.29733,20.54997,30.152706,62.753906,37.246094,73.20854,26.791458,32.98769,32.77545,31.956823,33.71536,False
0,407.284,Can't Fly,403,Dominus,7,11,6,4,2,0,1390,2546,2198,2826,3047,209.44,115.55,80.96,264.79,141.16,300.54,105.41,175.8,224.4,4.0,209.4,190.5,51.59256,19.943342,28.464096,65.22724,34.772755,74.033745,25.966251,47.35736,60.44933,56.4086,51.31728,True
0,388.52148,YamahaGriz,23,Octane,3,8,1,4,1,3,413,3425,3418,3425,3823,217.68,106.68,60.38,279.38,105.36,284.17,100.57,116.6,111.9,1.0,111.4,122.7,56.57847,15.693716,27.727818,72.61527,27.384727,73.86027,26.139729,32.530758,31.219486,31.079988,34.232628,False
0,588.68097,Iamyou,23,Octane,3,12,0,5,0,0,232,2790,2574,3037,3575,244.71,167.84,165.21,336.35,241.42,402.92,174.85,194.0,209.2,2.0,199.0,178.5,42.354958,28.594917,29.050123,58.215206,41.78479,69.73709,30.262907,34.719734,37.440044,35.614574,31.945736,False
0,315.94885,Jnxty,23,Octane,1,9,0,4,1,0,124,3140,3362,2939,3755,136.55,104.48,74.08,191.39,123.71,217.97,97.13,107.5,93.5,1.0,69.0,112.3,43.334072,23.509249,33.156673,60.739445,39.26055,69.174866,30.825134,35.713097,31.06209,22.922825,37.307728,False
0,220.617,[huiTre] tMd^,1568,Octane ZSR,0,4,0,4,0,0,110,2683,2556,2714,3759,112.89,58.57,46.94,151.46,66.93,142.58,75.81,103.4,104.3,1.0,108.9,99.0,51.689564,21.492674,26.817766,69.35299,30.647005,65.28687,34.713127,49.56855,50.0,52.205177,47.45925,False
0,404.6878,DangerousElit3,403,Dominus,2,11,1,2,2,1,433,3484,3778,3210,4068,231.35,124.14,42.8,308.36,89.93,267.21,131.07,160.9,118.0,1.0,107.1,160.0,58.08582,10.745939,31.168245,77.420975,22.579027,67.09099,32.90901,41.61386,30.518557,27.69947,41.381096,False
0,342.5558,bombardant,1018,Dominus GT,2,2,0,2,0,0,144,3137,3041,3326,3806,130.87,107.92,100.23,180.61,158.41,234.17,104.85,115.6,104.2,2.0,92.8,120.0,38.60244,29.564627,31.832928,53.27414,46.725853,69.072624,30.92738,34.977306,31.527988,28.078669,36.308624,False
0,383.1762,Ziaros,23,Octane,2,12,0,3,4,1,490,2648,2592,2700,3568,221.99,96.44,56.42,274.43,100.42,283.87,90.98,142.6,84.7,1.0,130.8,105.7,59.22102,15.051353,25.727625,73.210625,26.789385,75.72896,24.271042,39.054585,23.197218,35.822857,28.948593,False
0,368.1534,R E D,23,Octane,1,11,0,2,3,0,359,2845,2542,3052,3651,209.56,105.77,49.47,262.85,101.94,246.65,118.14,120.8,119.7,0.0,104.1,117.3,57.44518,13.560856,28.99397,72.05515,27.944845,67.61425,32.385757,33.919243,33.61038,29.230078,32.936485,False
0,371.189,Can't Fly,403,Dominus,6,7,2,3,1,0,820,2567,2251,2919,3895,172.43,92.94,104.99,214.02,156.35,281.04,89.32,173.8,191.2,2.0,213.0,152.4,46.557404,28.348095,25.094503,57.785458,42.214546,75.88292,24.117075,50.06914,55.081818,61.362064,43.90412,True
0,370.58313,blitzcloud,23,Octane,2,6,1,3,1,0,240,2854,2830,2932,3101,180.33,127.61,61.83,254.21,115.55,265.16,104.6,211.2,137.6,2.0,138.2,211.3,48.76815,16.721205,34.51064,68.75,31.25,71.71138,28.288618,60.940067,39.70338,39.876503,60.96892,False
0,218.873,Can't Fly,403,Dominus,3,3,3,1,1,2,890,2740,2763,2702,3853,110.39,63.29,44.59,140.07,78.19,178.68,39.58,111.2,101.0,1.0,126.8,85.4,50.574978,20.428827,28.996199,64.17576,35.824245,81.86567,18.134336,55.364697,50.28628,63.131687,42.51929,True
0,140.74597,Matrix,4284,Fennec,2,0,0,0,0,2,160,3087,2849,3331,3693,55.69,41.16,43.54,82.19,58.21,114.48,25.92,46.6,34.9,0.0,46.8,40.6,39.668068,31.013605,29.318327,58.53989,41.460117,81.53846,18.461536,36.194176,27.106798,36.349514,31.53398,False
0,386.92154,Cootie Queen,4284,Fennec,3,11,1,5,2,2,486,2908,2675,3107,3658,211.28,107.42,67.44,266.78,119.35,288.05,98.08,129.9,120.5,2.0,124.7,121.7,54.715904,17.465168,27.818924,69.09072,30.909279,74.59922,25.400772,36.092354,33.48059,34.64755,33.81401,False
0,361.873,[huiTre] tMd^,1568,Octane ZSR,1,8,0,5,0,0,270,3082,2956,3192,3682,190.75,114.43,52.78,248.6,109.36,237.11,120.85,189.2,170.8,1.0,153.6,206.3,53.28808,14.744664,31.96726,69.4491,30.550898,66.23924,33.760757,55.514805,50.115902,45.069103,60.53226,False
0,382.20078,TreeWithTalent,4284,Fennec,2,8,1,6,1,1,379,2924,2936,2882,3499,190.66,124.41,62.82,261.81,116.08,276.79,101.1,123.8,123.0,3.0,118.2,119.8,50.453835,16.623884,32.92228,69.28207,30.717932,73.24618,26.753817,35.145493,34.91838,33.555714,34.009937,False
0,345.90698,Stew,23,Octane,4,9,2,2,3,1,597,2878,2535,3305,3479,157.98,95.4,92.08,205.46,140.0,244.03,101.43,78.8,123.9,1.0,103.4,95.2,45.73033,26.654316,27.615355,59.47432,40.525673,70.63915,29.360853,24.02952,37.782455,31.53112,29.030586,True
0,434.556,Polux,1856,Jäger 619,2,9,1,3,2,1,470,2237,2009,2292,3068,262.33,105.68,64.41,320.89,111.52,310.31,122.1,211.9,202.1,2.0,232.9,181.1,60.665554,14.895243,24.439203,74.20966,25.790339,71.76291,28.23709,51.625008,49.237442,56.74122,44.12123,False
0,149.12271,IggyWiggy,23,Octane,0,1,0,0,0,2,176,3296,3264,3180,3680,79.57,28.26,41.03,95.09,53.77,120.97,27.88,53.2,44.6,0.0,43.1,60.7,53.452908,27.56281,18.98428,63.87881,36.12119,81.26973,18.730265,37.9783,31.83895,30.768131,43.332382,False
0,377.52408,Furry Wizard,403,Dominus,5,14,4,7,3,1,861,2241,2124,2322,3367,175.28,122.69,73.78,242.47,129.28,241.06,130.69,74.1,125.7,2.0,158.8,61.1,47.149967,19.846672,33.00336,65.22394,34.77606,64.84465,35.155346,21.700296,36.81143,46.504818,17.893227,False
0,330.357,Elias,1675,Ice Charger,2,12,0,5,1,1,350,2503,2563,2511,3381,195.46,85.21,46.08,247.73,79.01,240.18,86.56,166.4,159.6,1.0,183.5,143.4,59.819435,14.102525,26.078041,75.818695,24.181307,73.50799,26.492012,53.779774,51.582047,59.30642,46.346268,False
0,388.97,Jallex,22,Breakout,3,8,3,4,1,0,590,2303,2238,2339,2863,204.99,110.25,71.45,265.51,121.09,285.33,101.35,149.4,231.2,3.0,214.3,166.3,53.011456,18.477331,28.51121,68.67822,31.32178,73.789696,26.210304,41.608643,64.39035,59.68362,46.31538,False
0,409.191,Can't Fly,403,Dominus,4,5,3,5,0,1,730,3063,2889,3198,3726,210.9,109.99,80.67,270.91,130.54,302.31,99.25,196.5,201.1,3.0,187.9,209.7,52.520172,20.089153,27.390676,67.48287,32.51712,75.28389,24.716106,51.82372,53.036896,49.555607,55.305008,False
0,373.25055,Jay-510,4284,Fennec,1,6,0,2,1,2,210,2699,2863,2582,3118,203.82,88.46,80.49,242.62,130.14,297.25,75.51,113.7,106.0,1.0,123.7,101.1,54.677147,21.592403,23.730452,65.087456,34.912544,79.743,20.257002,32.563866,30.358574,35.427883,28.955206,False
0,216.791,[huiTre] tMd^,1568,Octane ZSR,2,4,1,0,1,1,360,2791,2400,3181,3636,94.93,75.32,46.09,138.55,77.79,148.1,68.23,100.9,109.3,0.0,97.0,113.3,43.880005,21.304428,34.815567,64.04271,35.95729,68.46022,31.539778,49.265175,53.366535,47.36097,55.319565,False
0,330.357,Indici,403,Dominus,2,12,2,5,4,0,730,2878,2659,3101,3381,183.66,76.4,66.56,220.83,105.8,230.59,96.04,168.2,158.7,4.0,134.8,191.3,56.230484,20.378422,23.391096,67.608604,32.39139,70.596695,29.4033,54.361526,51.29117,43.566788,61.827347,False
0,272.3191,Rustled Jimmies,23,Octane,2,1,2,0,1,0,370,2994,2954,3034,3912,83.0,104.9,84.1,131.1,140.9,192.82,79.18,69.2,112.0,0.0,99.8,85.4,30.514706,30.919117,38.566177,48.198532,51.801468,70.88971,29.110294,26.27582,42.52734,37.894897,32.427097,True
0,362.323,Can't Fly,403,Dominus,3,4,2,2,0,2,760,2614,2929,2227,3423,158.19,119.27,84.15,217.96,143.65,281.13,80.48,186.5,164.5,2.0,200.4,150.4,43.746025,23.270927,32.983047,60.274883,39.725117,77.74397,22.256021,54.645607,48.19948,58.71839,44.068092,True
0,173.97006,Sacrifice,23,Octane,1,4,0,4,0,1,150,2249,2006,2387,3291,81.83,56.52,35.08,108.61,64.75,120.72,52.71,73.6,83.0,4.0,93.1,63.5,47.1833,20.227182,32.589516,62.649975,37.35002,69.60734,30.392668,46.283485,52.19469,58.546093,39.932083,False
0,423.381,[huiTre] tMd^,1568,Octane ZSR,2,6,2,5,0,1,560,3230,3473,2980,3812,230.49,118.93,63.64,306.72,106.28,320.49,92.58,235.1,181.0,3.0,196.2,220.2,55.80061,15.406962,28.792427,74.26634,25.733656,77.58733,22.412666,61.180943,47.1023,51.05785,57.30346,False
0,173.97006,Can't Fly,403,Dominus,2,4,1,4,0,0,260,3021,2937,3278,3291,89.3,57.71,26.42,120.56,52.87,133.47,39.97,86.0,73.9,0.0,63.7,96.2,51.490517,15.233812,33.275673,69.51508,30.484922,76.95457,23.045433,54.081245,46.47214,40.057854,60.495533,False
0,355.1838,Bay II,23,Octane,2,6,0,1,1,2,314,2884,2922,2889,4052,141.33,96.92,109.36,189.14,158.47,254.57,93.04,103.2,130.6,0.0,130.8,94.2,40.657635,31.460546,27.881823,54.411556,45.588448,73.23437,26.765627,30.608612,38.73532,38.794636,27.939257,False
0,361.873,Can't Fly,403,Dominus,3,8,1,5,0,0,560,2486,2221,2731,3682,188.98,109.95,62.22,245.13,116.01,233.9,127.25,169.7,185.8,4.0,201.4,154.2,52.32729,17.228298,30.444414,67.876724,32.123276,64.765335,35.23467,49.79314,54.51718,59.09451,45.24515,False
0,388.99002,Cootie Queen,4284,Fennec,3,11,1,5,2,2,486,2916,2674,3103,3656,211.57,109.34,67.38,267.91,120.38,287.92,100.36,130.1,121.3,2.0,125.3,122.6,54.487625,17.353008,28.159365,68.9974,31.0026,74.15267,25.847324,35.94717,33.515694,34.62091,33.87489,False
0,356.38153,K2 alter.,23,Octane,3,16,2,2,5,1,752,2684,2621,2764,3627,178.54,108.25,64.41,240.81,110.4,236.51,114.69,92.7,137.5,1.0,139.7,102.0,50.837128,18.339977,30.822891,68.56582,31.434185,67.34339,32.656605,27.400093,40.641994,41.292267,30.148972,True
0,352.95975,Dsife,23,Octane,3,8,0,2,2,3,371,3378,3099,3623,3856,156.94,111.23,78.53,202.63,144.08,256.2,90.51,124.9,107.8,0.0,98.6,133.3,45.2668,22.650705,32.082493,58.443653,41.556343,73.89461,26.105389,37.291374,32.18583,29.438988,39.799362,False
0,356.36224,GrabAndTwistIt,23,Octane,0,16,0,2,2,1,327,3030,3165,2848,3724,204.59,91.54,50.26,254.12,92.26,257.56,88.83,134.4,105.0,1.0,110.0,130.4,59.063484,14.509658,26.42686,73.36451,26.635487,74.35549,25.644505,39.7257,31.035706,32.513596,38.54339,False
0,286.44867,Master P. p%_o%,23,Octane,5,2,1,0,1,1,530,2801,2509,3068,3433,151.11,69.61,62.4,179.4,103.73,218.67,64.46,161.0,121.6,0.0,116.7,165.9,53.37313,22.040125,24.586748,63.363117,36.63688,77.23307,22.766926,58.664917,44.30841,42.522957,60.45037,False
0,364.662,Darkiii,1018,Dominus GT,4,5,3,3,1,0,790,2576,2544,2619,3581,165.58,127.09,71.26,242.92,120.9,265.34,98.59,168.3,184.0,3.0,174.8,177.4,45.49776,19.580688,34.92155,66.76928,33.230717,72.90963,27.090376,48.987076,53.556877,50.879032,51.635815,True
0,350.55035,Cuzz,23,Octane,0,7,0,4,2,0,164,3029,3480,2732,3517,196.51,99.63,47.88,247.98,96.03,266.99,77.03,103.3,88.8,3.0,103.2,102.3,57.12168,13.917796,28.960527,72.08511,27.914885,77.608864,22.39114,31.059263,26.699541,31.029196,30.758593,False
0,290.97583,Incoming!,4284,Fennec,5,3,3,1,0,2,641,2802,2656,3067,3637,101.05,113.34,71.41,155.44,130.35,226.84,58.95,85.9,85.4,0.0,95.9,90.5,35.356895,24.986008,39.657104,54.389584,45.610416,79.37296,20.627033,31.467506,31.284342,35.13078,33.15261,True
0,402.9959,[huiTre] tMd^,1568,Octane ZSR,6,3,3,3,0,2,740,2939,2811,3121,3618,191.88,133.38,76.75,266.88,135.07,294.57,107.44,202.4,183.5,1.0,170.8,215.3,47.730156,19.091564,33.17828,66.39632,33.603683,73.27429,26.725702,54.277287,49.208904,45.803165,57.73666,False
0,287.2518,Tshega   ,23,Octane,1,7,0,0,0,2,182,3390,3595,3129,3947,144.11,104.49,38.31,197.51,89.4,210.34,76.57,92.4,86.1,0.0,83.7,109.1,50.228294,13.35262,36.419086,68.8404,31.159597,73.31219,26.68781,33.573143,31.284063,30.412033,39.641014,False
0,133.72987,IVI ac,30,Merc,3,3,2,0,0,0,280,3086,3338,2886,3380,63.22,42.25,28.01,81.2,52.28,109.63,23.85,61.0,32.9,0.0,36.7,56.7,47.362896,20.984415,31.65268,60.83308,39.166916,82.13216,17.867846,48.917404,26.383322,29.430634,45.469128,True
0,373.58768,GS1818,23,Octane,4,4,0,0,3,0,440,2760,2556,2869,3885,175.56,123.65,71.17,239.02,131.37,271.94,98.45,132.3,109.3,0.0,134.0,111.1,47.399967,19.2154,33.384632,64.531975,35.468018,73.41991,26.58009,35.995106,29.737452,36.457626,30.22718,True
0,356.25006,GrabAndTwistIt,23,Octane,0,16,0,2,2,1,327,3031,3167,2854,3730,204.47,91.2,50.4,253.86,92.22,257.01,89.07,136.4,106.1,1.0,109.2,130.8,59.08342,14.563527,26.35305,73.35298,26.647017,74.263176,25.736822,40.32997,31.371042,32.287632,38.6742,False
0,473.8026,Kitto farmskins.com,23,Octane,4,7,3,3,3,1,1180,2326,1995,2780,3317,193.84,136.08,136.81,263.1,203.64,335.58,131.15,183.7,270.5,0.0,256.6,197.7,41.53151,29.312452,29.156044,56.369713,43.630287,71.900246,28.099756,40.836742,60.132492,57.042503,43.94896,True
0,318.79294,XxExRICHxX,23,Octane,3,3,1,0,2,0,443,2901,2856,2979,3914,156.72,86.29,72.67,198.28,117.4,256.27,59.41,148.9,84.0,0.0,113.5,117.3,49.64521,23.020147,27.334642,62.810444,37.18956,81.180305,18.81969,47.608387,26.857653,36.289806,37.504795,True
0,220.617,Can't Fly,403,Dominus,2,4,0,4,0,0,180,3087,2910,3218,3759,112.33,53.01,51.73,141.11,75.96,150.74,66.33,106.6,101.1,3.0,96.8,110.7,51.748287,23.831022,24.420694,65.006676,34.99332,69.44304,30.556963,51.10259,48.46596,46.404602,53.06807,False
0,283.833,Red Dragons | OneFist,23,Octane,4,6,0,4,1,0,410,2294,1975,2450,3138,131.05,72.08,79.81,172.79,110.16,187.56,95.39,126.6,149.7,2.0,156.8,119.4,46.31724,28.207394,25.475365,61.067326,38.93267,66.28733,33.71267,46.57837,55.077267,57.68948,43.929363,False
0,361.56775,Benjyfreestyle,23,Octane,2,10,1,4,1,0,292,2900,3006,2841,3816,182.4,102.89,75.71,230.78,130.22,235.44,125.56,115.7,125.8,3.0,124.3,105.4,50.526318,20.9723,28.501385,63.92798,36.07202,65.218834,34.781162,33.972458,36.938072,36.497635,30.948116,False
0,133.72987,I love kids - Joe BIden,4284,Fennec,0,3,0,0,1,0,137,2142,2334,1988,3235,60.17,33.1,39.52,76.62,56.17,97.68,35.11,38.9,47.3,0.0,52.5,23.9,45.312145,29.761274,24.926573,57.700127,42.29987,73.55975,26.440243,31.19487,37.931034,42.101044,19.165998,False
0,398.92407,Vrixxz_,23,Octane,5,6,1,1,2,0,428,2920,2730,3096,3831,172.16,124.93,99.61,239.28,157.43,308.05,88.65,178.8,106.9,0.0,117.5,179.4,43.398033,25.109653,31.492311,60.3161,39.6839,77.65314,22.346863,46.213493,27.629879,30.369604,46.368572,True
0,354.79404,Keldrilh,23,Octane,4,6,1,3,3,1,471,2845,2788,2929,3390,157.92,92.47,104.2,207.19,147.4,244.09,110.5,108.0,117.8,1.0,120.3,110.7,44.535942,29.386051,26.078007,58.430866,41.569134,68.83725,31.162752,32.068413,34.978325,35.72065,32.870125,False
0,357.79004,[Redacted],4284,Fennec,2,7,0,2,0,0,142,3340,3162,3606,3879,160.42,136.17,60.86,229.23,128.21,252.84,104.6,127.7,121.8,0.0,84.2,148.3,44.879,17.026157,38.094837,64.13104,35.86896,70.73634,29.263653,37.582035,35.84567,24.78001,43.644604,False
0,315.94885,Synth,2269,'99 Nissan Skyline GT-R R34,4,9,0,4,0,1,226,2480,2475,2458,3614,131.95,98.92,81.63,181.13,131.36,210.94,101.55,82.8,115.9,2.0,130.1,78.6,42.224,26.1216,31.6544,57.963455,42.036545,67.50296,32.49704,27.507391,38.503704,43.221157,26.11209,False
0,338.725,PYzoom,1856,Jäger 619,3,5,2,1,3,0,820,2011,2174,1820,3051,197.88,81.0,59.4,241.08,97.2,256.55,81.73,154.2,190.4,1.0,219.1,125.6,58.495922,17.559418,23.944662,71.2664,28.733593,75.83954,24.16046,47.20649,58.28869,67.07485,38.450943,True
0,338.725,"RedDestroyer""!",2269,'99 Nissan Skyline GT-R R34,1,5,0,1,1,1,250,2960,2736,3160,3051,203.6,87.66,44.04,248.6,86.7,253.36,81.94,188.1,146.4,0.0,117.7,216.7,60.721737,13.134505,26.143751,74.14256,25.857443,75.56219,24.437819,57.58457,44.81861,36.03245,66.34012,False
0,381.599,[huiTre] tMd^,1568,Octane ZSR,5,10,2,5,2,1,620,2640,2559,2717,3361,224.39,101.77,52.96,284.74,94.37,247.68,131.44,173.6,197.7,3.0,193.8,177.5,59.187065,13.969192,26.843744,75.10749,24.892513,65.33024,34.66976,48.946907,55.741955,54.64234,50.04652,False
0,383.117,[huiTre] tMd^,1568,Octane ZSR,3,5,1,3,0,3,540,3003,2950,3021,3442,151.24,115.67,115.2,205.62,176.35,271.03,111.09,172.4,196.2,1.0,136.9,231.7,39.58023,30.148388,30.271389,53.83145,46.16855,70.92798,29.07202,48.820545,55.560276,38.76759,65.61323,False
0,244.90453,-   !^,607,Grog,2,5,1,4,1,0,350,2901,2809,3021,3995,116.74,89.93,37.64,167.58,76.73,182.14,62.17,128.1,107.4,2.0,127.6,107.9,47.783554,15.406655,36.80979,68.59318,31.406822,74.552826,25.447178,55.732002,46.726124,55.514465,46.943657,False
0,361.26,RoyTheGoose,23,Octane,1,7,0,4,1,1,320,2603,2236,2939,3391,195.76,88.08,73.53,236.62,120.74,230.84,126.52,191.6,167.7,1.0,159.5,199.8,54.77796,20.575314,24.646725,66.21335,33.78666,64.59593,35.404076,56.30988,49.28584,46.875916,58.7198,False
0,381.599,Can't Fly,403,Dominus,2,10,1,5,1,1,540,2753,2481,2966,3361,222.22,102.77,52.67,276.91,100.75,262.84,114.82,199.7,175.6,2.0,178.3,197.0,58.841286,13.946406,27.212307,73.32256,26.677435,69.59699,30.403008,56.30586,49.51081,50.272083,55.54459,False
0,485.046,Gnutten,23,Octane,6,9,4,7,0,1,1020,2717,2481,3032,3112,222.74,148.01,106.64,305.64,171.41,346.4,130.99,243.0,229.7,2.0,218.3,254.5,46.657867,22.338129,31.003998,64.068756,35.931244,72.56122,27.438784,54.50508,51.52188,48.964855,57.08454,False
0,254.10706,I love kids - Joe BIden,4284,Fennec,0,8,0,5,1,0,102,2624,2541,2657,3473,136.48,63.77,51.11,171.35,80.0,150.61,100.74,70.0,89.7,2.0,91.9,73.9,54.296627,20.333385,25.369987,68.17187,31.828127,59.92043,40.07957,29.276453,37.515682,38.4358,30.90757,False
0,344.22693,[huiTre] tMd^,1568,Octane ZSR,3,6,1,3,1,0,350,2676,2438,2908,3312,158.26,123.38,59.12,222.97,117.72,236.2,104.56,182.2,160.6,2.0,142.2,200.5,46.443245,17.349455,36.207302,65.446594,34.553406,69.31564,30.684351,55.351337,48.78938,43.199562,60.910774,False
0,362.302,35 yr old Struggles,23,Octane,0,8,1,5,0,0,256,3552,3459,3671,3930,189.5,92.8,78.58,238.9,121.98,257.47,103.41,122.4,120.1,1.0,106.0,134.7,52.51053,21.774551,25.714918,66.19929,33.80071,71.34505,28.654955,35.86603,35.192078,31.060452,39.470215,False
0,391.20618,Metaellihead,5361,,2,9,0,5,3,0,382,2913,2536,3183,3678,224.78,105.33,60.23,285.72,104.61,289.07,101.26,109.6,117.0,0.0,138.6,102.2,57.58569,15.430137,26.984165,73.1996,26.800398,74.057846,25.94215,30.354225,32.403687,38.38591,28.30476,False
0,293.947,Can't Fly,403,Dominus,3,8,3,1,1,0,780,2505,2356,2657,3135,155.25,93.07,45.31,200.72,92.92,238.13,55.51,156.1,130.6,0.0,141.7,145.0,52.87266,15.4309845,31.696352,68.355804,31.644188,81.095894,18.904099,55.364426,46.32027,50.257137,51.427555,True
0,340.16,3RS Agnese,403,Dominus,0,2,0,2,0,0,140,2920,3205,2699,3773,185.04,102.65,52.03,244.26,95.46,229.52,110.21,177.8,169.7,0.0,154.7,192.3,54.468384,15.315554,30.21606,71.90039,28.099611,67.55953,32.440468,54.187492,51.718884,47.147385,58.60661,False
0,190.14224,`W0D0000,23,Octane,6,3,4,1,2,0,664,3882,3987,3873,4316,92.08,69.93,27.16,131.8,57.38,170.53,18.65,68.5,53.2,0.0,58.6,68.9,48.675793,14.357455,36.966747,69.6691,30.3309,90.14167,9.858336,39.7955,30.906872,34.044037,40.027885,True
0,387.361,Da9,28,X-Devil,4,5,2,4,1,2,620,2895,2962,2757,3363,225.69,97.4,62.43,282.31,103.21,314.56,70.96,222.6,148.2,3.0,164.7,205.9,58.54171,16.193712,25.264578,73.22837,26.771633,81.5937,18.40631,62.831657,41.83132,46.488655,58.117874,False
0,307.62936,Bagelz,23,Octane,5,4,2,1,1,1,418,3009,3221,2864,3709,127.39,98.89,74.7,179.47,121.51,230.37,70.6,105.3,73.3,1.0,90.2,95.9,42.325073,24.818924,32.856007,59.628544,40.371452,76.54251,23.457487,36.35673,25.308153,31.143183,33.11121,False
0,360.446,[huiTre] tMd^,1568,Octane ZSR,1,6,2,2,2,1,660,2946,2460,3370,3693,170.14,116.0,70.74,230.03,126.85,274.63,82.26,205.3,153.4,1.0,166.3,192.2,47.674286,19.821789,32.50392,64.45584,35.54416,76.950874,23.049118,59.945103,44.79093,48.55758,56.120064,True
0,253.95894,DesolationObr,23,Octane,3,3,2,0,2,0,680,2902,2713,3067,4010,97.44,83.62,69.5,134.6,115.96,202.02,48.54,115.3,133.5,0.0,124.3,124.6,38.88889,27.737867,33.373245,53.719673,46.28033,80.627396,19.372606,47.065067,54.494244,50.73884,50.861294,True
0,467.60797,moss-ban,4770,Dominus,4,11,1,4,2,0,469,2895,2838,2988,3785,216.9,140.79,107.98,283.85,181.83,335.92,129.75,142.7,146.0,1.0,161.6,130.2,46.57805,23.188095,30.233856,60.953876,39.046127,72.13692,27.86308,32.16427,32.90808,36.42429,29.346796,False
0,282.19547,Verstappen,23,Octane,4,8,0,3,0,0,106,2979,2884,3006,3851,105.85,98.72,71.41,158.61,117.37,175.15,100.83,84.4,107.6,1.0,83.9,98.4,38.354225,25.875065,35.770706,57.471554,42.528442,63.46475,36.53526,30.902168,39.396603,30.719099,36.028122,False
0,450.56696,jslps.,23,Octane,2,13,1,4,3,1,444,3240,3438,3024,3696,249.77,106.66,88.02,311.36,133.09,343.02,101.43,223.9,99.6,0.0,104.7,197.8,56.197544,19.804253,23.9982,70.05512,29.944878,77.178535,22.821466,52.11704,23.183819,24.370941,46.04176,False
0,362.87827,Metaellihead,5361,,3,6,2,2,0,0,298,2732,2728,2721,3616,180.25,107.56,68.87,228.31,128.36,281.81,74.86,139.5,102.6,1.0,114.2,95.8,50.535496,19.308626,30.155882,64.01155,35.98845,79.01141,20.98859,40.80021,30.007896,33.4006,28.01907,False
0,372.4485,dellis1443,23,Octane,1,5,0,4,0,1,152,3205,3043,3429,3874,187.24,111.69,71.87,246.75,124.06,259.48,111.33,133.6,116.0,1.0,114.6,128.2,50.496223,19.382418,30.121357,66.54351,33.456486,69.97655,30.023462,38.34343,33.2922,32.890396,36.793617,False
0,361.56775,Que_Importa,4284,Fennec,2,10,1,4,2,0,377,2969,2866,3042,3589,189.93,108.47,62.58,244.43,116.54,236.98,123.99,98.6,110.4,1.0,116.2,92.2,52.615105,17.336142,30.048758,67.71477,32.285233,65.65089,34.349113,28.951464,32.416245,34.11927,27.07226,False
0,331.956,Tiko,23,Octane,3,5,0,4,0,2,460,2203,2069,2299,3267,129.95,105.54,94.94,180.23,150.02,230.45,99.98,130.2,186.3,3.0,186.4,130.1,39.327545,28.732258,31.940199,54.573807,45.426193,69.74246,30.257544,41.470253,59.33877,59.37062,41.438404,False
0,389.64664,Chim,1624,Endo,3,4,3,3,0,0,419,3637,3475,3909,4040,176.46,137.32,73.15,266.88,120.05,286.3,100.63,120.2,141.6,2.0,107.0,138.5,45.605145,18.905228,35.489624,68.97372,31.026285,73.99271,26.007288,33.431606,39.38366,29.760248,38.521442,False
0,287.89923,Washed Krusty,23,Octane,1,7,1,5,0,0,186,3243,2996,3462,3665,119.47,119.78,48.06,183.58,103.72,175.35,111.95,77.4,96.2,1.0,76.7,108.9,41.582264,16.727577,41.690163,63.898365,36.10164,61.033764,38.96624,28.677288,35.64283,28.41793,40.348278,False
0,334.03836,wlkrtheslow,23,Octane,2,7,1,2,0,0,194,2814,2699,2926,3418,186.93,97.69,45.9,236.54,93.99,192.02,138.51,98.6,121.3,2.0,95.1,131.7,56.556335,13.887209,29.556458,71.56385,28.436148,58.094574,41.905422,30.624924,37.675488,29.537832,40.905704,False
0,363.54257,pandy,23,Octane,5,4,2,2,1,2,522,2856,2967,2821,3739,159.32,131.2,72.73,223.04,140.21,284.53,78.71,130.9,97.5,1.0,134.4,107.5,43.859604,20.022024,36.118374,61.401237,38.598763,78.33113,21.668869,38.22567,28.472141,39.24775,31.39236,False
0,269.8787,scarab better,4284,Fennec,4,2,1,0,0,1,302,2913,2875,2906,3650,106.27,103.73,59.65,158.33,111.33,201.39,68.26,93.9,99.8,0.0,73.9,102.7,39.410347,22.12127,38.468388,58.714676,41.28532,74.68571,25.314297,36.00322,38.265404,28.334803,39.377323,False
0,361.57324,UncB91,23,Octane,3,8,1,3,1,1,327,3246,3086,3412,3858,195.77,98.91,66.44,257.84,103.28,246.54,114.58,103.9,127.2,1.0,105.9,119.9,54.21189,18.398315,27.389786,71.40009,28.599913,68.270935,31.729065,30.24393,37.026257,30.826103,34.90132,False
0,383.26633,Ziaros,23,Octane,2,12,0,3,4,1,490,2665,2614,2716,3566,221.89,96.43,56.45,274.35,100.41,283.53,91.23,142.3,84.3,1.0,131.4,105.7,59.20698,15.0625725,25.73045,73.20685,26.793146,75.65642,24.343578,38.97135,23.087034,35.986195,28.9478,False
0,321.07336,Can't Fly,403,Dominus,3,3,2,1,0,1,670,2575,2101,3018,3556,151.11,104.79,61.73,206.63,111.0,238.6,79.03,149.6,166.3,0.0,172.4,143.5,47.574223,19.434563,32.991215,65.05368,34.94632,75.11885,24.881151,48.397015,53.79962,55.77303,46.423607,True
0,377.93643,Furry Wizard,403,Dominus,5,14,4,7,3,1,861,2239,2129,2319,3365,175.3,123.11,73.71,242.73,129.39,241.5,130.62,73.1,124.6,2.0,157.7,58.5,47.10846,19.808126,33.083416,65.22896,34.77104,64.89842,35.10158,21.386776,36.454067,46.138096,17.115273,False
0,346.856,SOAR LYNX6890,4284,Fennec,0,9,0,3,1,0,222,2594,2384,2779,3350,167.72,111.98,66.86,230.9,115.66,228.99,117.57,95.9,130.9,1.0,131.9,99.4,48.39566,19.292475,32.311867,66.62627,33.37373,66.07514,33.924862,28.89947,39.44672,39.74807,29.954195,False
0,339.35962,boy alex,23,Octane,3,6,1,1,0,0,254,2924,2849,3007,3857,126.76,102.74,103.5,179.89,153.12,242.01,91.0,110.9,116.8,0.0,102.0,116.1,38.066067,31.081081,30.852854,54.019398,45.9806,72.67349,27.326506,33.880184,35.682648,31.161215,35.468796,False
0,325.88165,marc,4284,Fennec,2,4,1,0,0,0,222,2795,2690,2958,3589,119.32,108.55,91.85,177.57,142.16,217.7,102.02,101.1,112.6,0.0,110.9,107.2,37.320156,28.728262,33.951584,55.537483,44.462513,68.09083,31.90917,31.909859,35.539566,35.003,33.835182,False
0,363.75015,R E D,23,Octane,5,4,2,2,2,2,564,2937,2906,2935,3779,148.6,121.25,91.88,209.66,152.07,267.91,93.82,106.9,118.1,1.0,107.9,113.7,41.080364,25.40016,33.519474,57.960354,42.039646,74.06352,25.936472,31.197105,34.465652,31.48894,33.18158,True
0,318.79294,DARGE4,1568,Octane ZSR,0,3,0,0,0,1,120,2929,2790,3072,3732,128.3,105.44,84.98,175.81,142.91,218.83,99.89,85.4,115.1,0.0,85.4,100.5,40.25477,26.6629,33.08233,55.16127,44.83873,68.65901,31.340988,27.30528,36.80138,27.30528,32.133263,False
0,327.70993,HulkFarts,23,Octane,1,7,0,2,1,0,187,3102,3117,3075,3653,155.99,86.37,77.38,196.53,123.2,216.1,103.64,108.6,106.7,0.0,89.4,123.6,48.78652,24.200912,27.012573,61.46749,38.532513,67.58617,32.413837,34.082348,33.486065,28.05674,38.789856,False
0,336.51965,Clay,23,Octane,4,7,1,1,1,1,386,3091,3221,2950,3855,156.93,102.24,71.01,208.22,121.96,214.97,115.21,96.9,128.8,0.0,100.8,119.6,47.528618,21.50645,30.96493,63.062572,36.937428,65.10691,34.89309,29.860405,39.69061,31.062216,36.855564,False
0,386.92154,Turtle,23,Octane,3,11,1,5,2,0,369,3208,3025,3351,3601,230.35,98.46,51.32,287.1,93.03,267.44,112.69,133.4,102.4,3.0,93.5,133.4,60.59769,13.500645,25.901665,75.526794,24.473206,70.35488,29.64512,37.06482,28.451557,25.978716,37.06482,False
0,290.97583,!Comingin,23,Octane,6,3,1,1,1,0,312,3045,3307,2573,3697,106.99,103.21,77.12,162.59,124.73,220.31,67.01,99.2,90.4,1.0,88.8,84.4,37.237225,26.841154,35.92162,56.58847,43.411526,76.67757,23.322428,36.339657,33.11598,32.529854,30.918015,False
0,335.72604,nirvana,23,Octane,1,10,0,2,1,1,278,2737,2746,2737,3628,159.76,98.11,76.29,211.04,123.12,215.5,118.66,93.1,124.7,0.0,107.2,120.9,47.809433,22.830383,29.36019,63.155373,36.844624,64.49007,35.509933,28.762087,38.524513,33.118107,37.35055,False
0,376.632,Cameronias,1883,Imperator DT5,2,10,2,3,2,0,550,3568,3659,3362,3883,235.42,90.44,47.73,286.02,87.56,297.55,76.03,214.4,152.8,1.0,144.1,223.3,63.015606,12.776038,24.208357,76.56191,23.438086,79.64826,20.351732,60.822697,43.34752,40.879436,63.34752,False
0,366.94836,Chillin,23,Octane,2,11,0,3,3,0,368,2376,2184,2552,3479,213.09,105.09,47.29,273.25,92.22,256.48,108.99,96.6,118.4,0.0,122.1,88.8,58.305744,12.939503,28.754753,74.76674,25.233261,70.17813,29.821873,27.92876,34.231525,35.30126,25.673643,False
0,364.662,SmuuDenG,1159,X-Devil Mk2,2,5,1,3,0,2,440,2871,3001,2588,3581,176.66,136.03,50.55,250.1,113.14,278.75,84.48,193.1,162.2,0.0,172.2,183.2,48.634514,13.916419,37.44907,68.852554,31.147451,76.742004,23.25799,56.205612,47.21155,50.12225,53.32402,False
0,339.44305,Miles Sanders,23,Octane,1,4,0,0,1,2,265,3016,3119,2942,3478,198.13,91.33,49.62,246.12,92.96,252.22,86.87,130.3,96.2,0.0,96.8,111.4,58.431637,14.633714,26.934645,72.58464,27.41536,74.38143,25.618568,39.79355,29.379429,29.562668,34.0215,False
0,362.736,Herk,4284,Fennec,6,6,1,2,1,1,411,3384,3122,3584,4049,174.54,86.25,98.5,215.68,143.61,245.98,113.31,131.6,121.7,1.0,95.2,143.4,48.579144,27.415182,24.00568,60.029507,39.9705,68.46281,31.5372,38.174805,35.30299,27.615814,41.597767,False
0,361.198,Phantera1,23,Octane,1,6,1,5,0,1,460,2441,2385,2483,3145,151.66,115.88,92.89,204.9,155.53,247.72,112.7,168.7,185.5,3.0,181.0,173.2,42.07752,25.771996,32.150486,56.848766,43.151237,68.73093,31.269077,50.037075,55.020023,53.685303,51.371796,False
0,346.89587,Aruchizan,23,Octane,2,10,1,4,1,0,291,2721,2453,2970,3726,176.87,109.12,57.53,231.76,111.77,225.61,117.92,87.6,130.1,1.0,124.8,105.3,51.48754,16.747206,31.765255,67.46427,32.535732,65.674034,34.32597,26.399061,39.20683,37.60962,31.733118,False
0,263.732,yslovoxo,23,Octane,3,3,0,1,0,2,226,2301,1865,2790,3513,94.05,90.71,75.72,137.92,122.57,185.03,75.45,80.7,80.0,0.0,102.4,56.9,36.10642,29.069408,34.82417,52.946373,47.05363,71.03425,28.965755,32.0658,31.787659,40.6882,22.608973,False
0,287.89923,Patrick,23,Octane,2,7,0,5,1,1,182,2723,2576,2774,3755,131.56,88.88,63.93,177.73,106.64,172.1,112.28,89.7,101.5,1.0,97.2,85.6,46.26367,22.481276,31.255056,62.49956,37.50044,60.517616,39.482384,33.23453,37.60652,36.01334,31.71545,False
0,328.01,BenKazz,23,Octane,3,11,1,6,1,0,420,2420,2184,2631,3213,169.97,97.37,60.06,226.76,100.63,217.15,110.25,139.3,187.9,4.0,180.6,146.6,51.91509,18.344534,29.74038,69.26296,30.737043,66.3256,33.674404,45.37016,61.19923,58.821613,47.74778,False
0,286.44867,b0bbY,1894,Samurai,5,2,3,0,1,1,800,2362,2282,2408,3433,119.04,75.92,86.97,155.22,126.7,193.54,88.38,121.9,161.4,0.0,165.3,118.0,42.223248,30.848083,26.92867,55.058174,44.94183,68.65069,31.349321,44.417725,58.810665,60.231743,42.996647,True
0,355.1838,Roskiller.,23,Octane,5,6,2,1,2,1,516,3286,3365,3299,4213,135.67,132.67,86.46,198.83,155.98,271.41,83.4,107.6,90.7,0.0,101.9,113.6,38.238445,24.36866,37.3929,56.038445,43.961555,76.49446,23.505539,31.913631,26.901175,30.22304,33.693203,True
0,290.97583,Asexual Predator,23,Octane,1,3,1,1,0,2,290,3193,3539,2659,3852,125.76,82.85,75.66,165.94,118.33,211.89,72.39,104.6,96.4,0.0,87.6,115.1,44.239628,26.615541,29.144825,58.374077,41.625916,74.53567,25.46433,38.317825,35.313942,32.090263,42.16426,False
0,381.10645,SizableJohnson,23,Octane,2,8,1,0,3,0,503,2816,2741,2958,3770,204.87,96.57,76.58,254.05,123.97,272.14,105.88,126.5,128.1,0.0,141.9,103.7,54.19554,20.258186,25.546267,67.20544,32.79456,71.9909,28.009098,33.723442,34.149986,37.828903,27.645226,True
0,257.2364,Can't Fly,403,Dominus,5,2,3,1,1,0,920,2228,1855,2575,3555,119.52,70.27,67.0,154.71,102.08,198.96,57.83,113.8,136.2,0.0,151.3,98.9,46.543873,26.09136,27.364773,60.247677,39.752327,77.47965,22.520346,46.976265,56.22291,62.45614,40.825592,True
0,355.866,"UnCoolSeahorse""!",803,'16 Batmobile,0,12,1,4,6,0,650,2927,2733,2936,3508,220.49,86.93,44.8,277.74,74.48,275.41,76.81,217.3,132.8,2.0,165.9,184.2,62.60008,12.719323,24.680597,78.854126,21.145876,78.192604,21.807392,64.3261,39.31204,49.110447,54.527695,False
0,149.12271,bandabooooo,23,Octane,0,1,0,0,0,0,26,3340,3370,3068,3585,73.16,44.0,31.62,97.27,51.52,115.15,33.63,52.5,33.0,0.0,27.3,49.1,49.17328,21.252857,29.573868,65.37402,34.625984,77.39616,22.603846,37.478584,23.557966,19.488863,35.0514,False
0,261.72025,MaxSucePostGen,23,Octane,5,5,5,1,2,0,808,2491,2387,2518,3107,148.05,74.2,38.97,194.72,66.51,222.47,38.76,76.7,77.1,0.0,99.0,58.2,56.676365,14.91846,28.405174,74.53967,25.460321,85.1625,14.837498,31.872011,32.03823,41.138584,24.184502,True
0,340.02,Shaquille O'Wheelz,1856,Jäger 619,4,4,1,1,1,0,490,2225,2067,2505,2936,126.16,111.57,101.89,172.42,167.19,238.33,101.29,125.4,211.0,0.0,186.6,149.8,37.1474,30.001179,32.85142,50.770004,49.23,70.17549,29.82451,38.232876,64.33123,56.89198,45.672127,False
0,284.5342,k& Salah do do dodo do do k&,1624,Endo,4,4,1,2,1,0,480,3435,3833,3149,3600,146.15,77.18,60.45,183.28,100.5,220.45,63.33,156.6,109.5,2.0,106.8,160.0,51.50116,21.301712,27.197124,64.58524,35.414757,77.68342,22.316584,60.115166,42.03455,40.99808,61.420345,False
0,546.22614,mike,4284,Fennec,2,15,0,2,2,1,397,2811,2796,2846,3653,310.13,147.0,85.76,396.46,146.44,415.68,127.22,238.5,128.9,1.0,176.9,163.2,57.12575,15.796938,27.077309,73.02634,26.97366,76.56658,23.433413,44.645363,24.129086,33.11432,30.549782,False
0,404.6878,provoked,4284,Fennec,3,11,1,2,4,0,533,3134,2756,3427,4036,211.08,110.78,79.26,264.47,136.64,257.87,143.25,124.5,136.7,1.0,138.2,133.5,52.622658,19.759674,27.61767,65.93453,34.065468,64.2875,35.712505,32.199665,35.354973,35.74292,34.52735,True
0,346.856,Nisien,803,'16 Batmobile,0,9,0,3,0,1,178,2907,2831,2958,3542,177.03,93.56,75.97,216.23,130.33,237.6,108.96,113.7,105.9,2.0,96.1,141.7,51.082066,21.921167,26.996769,62.393238,37.606766,68.559555,31.440443,34.2635,31.91297,28.95974,42.7013,False
0,362.736,Jerome H. Powell,4284,Fennec,5,6,1,2,1,0,421,2936,2674,3245,3947,188.16,101.19,57.69,249.48,97.56,271.84,75.2,150.4,78.6,1.0,135.0,107.7,54.218533,16.623444,29.158022,71.88797,28.112036,78.33103,21.668972,43.62834,22.800451,39.161083,31.24184,True
0,490.60123,Supsiedoodle,23,Octane,0,11,0,1,1,0,200,3295,3346,3197,3909,230.3,153.73,100.28,320.76,163.56,307.72,176.59,156.6,145.4,1.0,143.0,197.2,47.55219,20.705746,31.742065,66.228935,33.77106,63.53782,36.462185,32.71702,30.3771,29.875692,41.199207,False
0,358.4432,BigJesse69,23,Octane,1,5,0,2,2,0,225,3038,3157,2791,3864,146.41,128.13,80.55,207.24,147.85,250.61,104.48,105.2,115.1,0.0,107.5,108.9,41.231796,22.68439,36.08381,58.362663,41.63733,70.57648,29.423527,30.366886,33.224606,31.0308,31.434923,False
0,268.8301,shaq attaq,23,Octane,0,9,0,4,0,0,108,2867,2906,2776,3533,126.48,99.34,39.7,178.17,87.34,194.0,71.52,73.8,79.2,1.0,84.9,76.4,47.634827,14.951792,37.413376,67.10481,32.89518,73.06418,26.935823,28.730488,30.832716,33.05174,29.742672,False
0,368.10922,Chief Monkey,403,Dominus,1,6,0,2,1,2,240,2931,2930,2860,3445,190.78,101.37,74.93,240.78,126.29,262.15,104.92,122.3,113.6,1.0,102.6,114.2,51.972324,20.412445,27.615234,65.595116,34.40488,71.41689,28.583103,34.93986,32.45436,29.311773,32.625774,False
0,362.18744,Rhaegal,23,Octane,7,3,6,0,0,0,890,2918,2572,3418,3869,135.05,124.5,93.02,196.97,155.6,281.42,71.15,107.2,128.7,0.0,121.4,112.7,38.30445,26.383413,35.312138,55.86692,44.133083,79.81961,20.18039,31.424047,37.726444,35.58656,33.03629,True
0,272.3191,PGH NATION87,23,Octane,2,1,0,0,0,2,252,3256,2939,3429,3879,109.35,98.98,60.72,159.48,109.56,220.72,48.32,103.4,76.2,0.0,80.4,94.4,40.643,22.568295,36.7887,59.277435,40.722572,82.03984,17.960154,39.26185,28.933779,30.528555,35.844475,False
0,334.55945,GAINZXX,23,Octane,3,3,1,1,1,0,319,3473,3592,3364,4193,156.17,105.48,72.64,208.85,125.44,256.68,77.61,128.9,115.2,0.0,101.0,144.9,46.716923,21.729635,31.55344,62.475693,37.524303,76.78364,23.21637,39.961555,35.714287,31.312004,44.92187,False
0,346.89587,Metaellihead,5361,,0,10,0,4,2,0,160,3026,3352,2729,3596,184.08,104.75,54.67,242.02,101.48,231.87,111.63,113.1,94.3,2.0,99.3,111.5,53.58952,15.915575,30.494905,70.45706,29.54294,67.50218,32.497818,34.083717,28.418167,29.924963,33.601543,False
0,334.55945,Cracked Duck,23,Octane,2,3,1,1,1,1,354,2965,2767,3214,3856,127.41,114.47,89.31,181.88,149.32,225.63,105.57,96.1,108.2,1.0,108.5,88.3,38.470364,26.966394,34.56324,54.91546,45.08454,68.125,31.874998,29.792908,33.544147,33.637154,27.374752,True
0,196.43854,Warm Milk,23,Octane,1,6,0,4,0,0,82,3292,3155,3513,3735,84.67,65.72,45.82,120.67,75.54,124.75,71.46,58.6,68.1,3.0,57.6,72.0,43.15275,23.352531,33.494728,61.500435,38.49957,63.57984,36.420162,31.778744,36.930588,31.236444,39.045555,False
0,338.74,Elvis Presley,1568,Octane ZSR,4,5,1,0,2,0,530,3166,3192,3115,3759,152.19,87.23,99.0,194.52,143.9,245.08,93.34,174.7,161.6,0.0,136.8,199.1,44.970745,29.25359,25.775661,57.478874,42.521126,72.41889,27.581114,53.479042,49.468884,41.87712,60.948357,False
0,335.85883,Can't Fly,403,Dominus,6,5,2,3,0,1,770,2722,2672,2785,3498,147.35,103.73,80.95,200.72,131.31,242.49,89.54,153.6,175.0,2.0,165.7,163.9,44.378525,24.380325,31.241154,60.45237,39.54763,73.032555,26.967443,49.248135,56.109524,53.127705,52.550575,True
0,381.868,[EU] CraziiNebby ^-^,23,Octane,6,7,2,4,1,0,630,2687,2450,2822,3139,202.6,90.33,88.14,247.33,133.75,303.44,77.63,220.4,145.8,4.0,157.8,208.4,53.166084,23.129608,23.704306,64.90238,35.097614,79.62841,20.371584,61.595215,40.746742,44.100384,58.241573,False
0,450.56696,jwsl.,4284,Fennec,7,13,1,4,0,1,464,2739,2344,3099,3720,195.51,129.49,125.09,260.42,189.66,308.74,141.34,153.6,155.3,2.0,168.3,161.3,43.43798,27.792221,28.769806,57.86083,42.139175,68.596695,31.403307,35.75336,36.149067,39.175068,37.54568,False
0,358.09537,[Redacted],4284,Fennec,2,7,0,2,0,0,142,3346,3170,3606,3877,160.35,136.18,60.93,229.09,128.37,252.96,104.5,129.7,123.1,0.0,85.4,149.3,44.85817,17.045263,38.09657,64.08829,35.911713,70.76595,29.23404,38.13809,36.19737,25.11174,43.901436,False
0,352.549,[huiTre] tMd^,1568,Octane ZSR,3,9,0,5,1,0,280,3108,2711,3380,3614,146.59,123.29,82.07,210.08,141.87,254.34,97.61,189.5,150.0,2.0,144.9,194.6,41.650803,23.318653,35.030544,59.690296,40.3097,72.265945,27.734053,56.65172,44.84305,43.318382,58.176384,False
0,379.13818,Addhesiv,403,Dominus,2,11,1,4,1,1,326,2850,2838,2876,2541,211.91,112.04,53.03,273.05,103.92,248.82,128.15,184.2,170.2,2.0,152.8,201.6,56.21253,14.067059,29.72041,72.43282,27.567183,66.00525,33.994743,51.866867,47.92476,43.025284,56.766342,False
0,325.88165,x_Karma_k,23,Octane,3,4,0,0,1,1,224,2834,2759,2875,3584,137.16,107.0,78.07,190.83,131.39,227.79,94.44,124.3,94.0,0.0,99.6,116.6,42.56587,24.228035,33.206093,59.22351,40.77649,70.69175,29.30826,39.2324,29.66891,31.436419,36.80207,False
0,324.1686,Jester,23,Octane,1,7,0,2,1,0,158,2994,2826,3090,3502,143.92,117.71,55.64,208.08,109.2,222.57,94.71,128.6,86.4,0.0,89.5,114.1,45.361996,17.537113,37.100895,65.58245,34.41755,70.1494,29.850605,40.798203,27.4103,28.39377,36.19809,False
0,382.20078,ID,403,Dominus,2,8,0,6,0,0,78,2949,3069,2823,3494,210.3,101.51,69.69,263.86,117.64,276.52,104.98,134.4,107.4,2.0,115.4,105.6,55.124508,18.267366,26.608126,69.16382,30.836172,72.4823,27.517693,38.154716,30.48971,32.760822,29.978708,False
0,337.60483,juicybacon11,4284,Fennec,4,13,2,6,1,0,390,2882,2406,3290,3521,193.05,87.23,52.26,245.57,86.97,229.67,102.87,93.2,120.5,2.0,102.2,113.3,58.053165,15.715403,26.23143,73.846756,26.153244,69.06538,30.934624,30.008373,38.798378,32.906178,36.480137,False
0,374.81763,LostKVN,23,Octane,3,11,2,4,1,0,438,2983,2962,3044,3763,207.36,107.93,55.42,273.48,97.23,268.36,102.35,128.5,114.9,2.0,133.6,114.9,55.93591,14.949692,29.114403,73.77195,26.228046,72.390816,27.609182,36.643093,32.764915,38.097416,32.764915,False
0,453.3759,vKatia,403,Dominus,3,8,0,2,2,1,394,2821,2767,2809,3713,221.21,133.36,94.07,298.2,150.44,349.29,99.35,187.1,123.5,2.0,156.2,138.8,49.306793,20.967813,29.725391,66.46755,33.53245,77.85529,22.144703,42.97889,28.369284,35.88083,31.88386,False
0,361.6598,Whiskey Buck,4284,Fennec,1,6,0,4,1,0,144,2968,2898,3019,3466,160.55,106.09,91.47,213.12,144.98,279.42,78.69,121.6,100.8,1.0,113.4,99.8,44.832596,25.542433,29.624977,59.514107,40.4859,78.026306,21.973694,35.694366,29.58875,33.287346,29.295212,False
0,335.72604,nyash man,4284,Fennec,3,10,1,2,2,0,315,2643,2366,2850,3352,162.87,94.85,71.5,214.87,114.35,219.8,109.42,98.9,121.3,1.0,113.8,109.2,49.471478,21.718,28.810522,65.26639,34.733612,66.76386,33.236134,30.553925,37.474125,35.157093,33.73598,False
0,588.68097,G3ARTACULAR,23,Octane,5,12,1,5,3,2,673,3138,2911,3412,3501,238.52,196.98,147.75,342.12,241.12,408.77,174.47,169.1,209.5,0.0,167.4,217.6,40.894985,25.33219,33.772823,58.658527,41.341473,70.086075,29.913929,30.26344,37.493736,29.959194,38.943375,False
0,352.95975,Aub,23,Octane,2,8,2,2,0,0,296,2841,2458,3114,3738,150.25,108.56,86.09,205.06,139.84,239.73,105.17,105.8,121.2,2.0,109.2,115.2,43.56335,24.96086,31.47579,59.454914,40.545086,69.5071,30.492897,31.588692,36.18667,32.60383,34.39525,False
0,592.3409,Can't Fly,403,Dominus,4,10,1,2,2,1,970,2518,2315,2670,3630,280.55,189.4,118.72,376.08,212.19,436.03,152.64,302.6,283.2,1.0,323.8,262.0,47.65828,20.167498,32.174225,63.929825,36.07017,74.070366,25.929638,52.692062,49.313923,56.38364,45.62234,True
0,361.26,Sealtje,803,'16 Batmobile,3,7,2,4,1,0,560,2690,2355,3016,3391,161.05,128.64,67.75,231.46,125.9,236.02,121.42,174.6,200.4,3.0,199.7,175.3,45.05651,18.95423,35.989258,64.76942,35.23058,66.03066,33.969337,51.3137,58.896137,58.69041,51.519424,False
0,355.46765,Danzz,23,Octane,3,4,2,2,1,0,401,3220,2967,3454,3823,158.27,114.74,81.99,213.0,142.01,288.83,66.17,141.7,93.9,0.0,104.1,119.6,44.5831,23.095774,32.321125,59.99831,40.001686,81.36056,18.639437,41.98394,27.821398,30.843529,35.435986,True
0,350.67935,Mr. Brownstone,1691,Mantis,1,5,0,1,0,1,300,3272,3013,3374,3687,172.19,106.21,65.83,226.87,117.21,247.47,96.75,206.4,146.4,1.0,127.8,225.1,50.021786,19.12384,30.85437,65.93525,34.064754,71.892975,28.107025,60.94428,43.227917,37.735847,66.46588,False
0,282.19547,Benimaru,23,Octane,2,8,0,3,2,0,172,2761,2757,2651,3743,135.31,79.37,67.43,175.42,106.7,206.94,75.18,90.7,89.4,2.0,105.0,68.9,47.963562,23.902025,28.134418,62.179214,37.820786,73.35177,26.648235,33.208847,32.732864,38.44464,25.227007,False
0,161.83585,Can't Fly,403,Dominus,1,2,1,0,2,0,330,2460,1904,3076,3338,74.5,38.74,48.35,96.67,64.92,125.09,36.5,59.0,94.9,0.0,99.2,54.7,46.10434,29.921406,23.974258,59.82425,40.175755,77.41197,22.588032,38.615093,62.111397,64.92572,35.800774,False
0,290.78833,Incoming!,4284,Fennec,5,3,3,1,0,2,641,2787,2636,3060,3645,101.11,113.23,71.37,155.41,130.3,227.12,58.59,83.8,82.6,0.0,94.2,88.7,35.389027,24.979874,39.631092,54.39431,45.605682,79.493195,20.506807,30.721855,30.281923,34.53459,32.51824,True
0,340.16,RaVaGe | Derken,23,Octane,3,2,1,2,0,0,380,2718,2544,2887,3773,184.78,100.11,54.88,242.43,97.33,250.94,88.83,169.3,167.0,2.0,182.1,154.8,54.383846,16.152102,29.464048,71.35331,28.64669,73.85584,26.144156,51.596977,50.896015,55.49799,47.177864,False
0,334.51874,Slayer,23,Octane,2,11,1,2,0,0,280,2545,2424,2653,3382,175.1,100.32,55.87,227.5,103.8,234.8,96.49,110.3,84.2,1.0,123.9,95.4,52.853992,16.864378,30.281626,68.668884,31.331121,70.87446,29.125538,34.198368,26.106098,38.41503,29.578644,False
0,284.5342,Skelvis,1568,Octane ZSR,7,4,5,2,0,0,920,2605,2436,2727,3600,121.01,95.72,67.05,166.3,117.48,227.08,56.7,116.1,160.6,0.0,163.5,112.5,42.64219,23.62746,33.730354,58.601734,41.398266,80.01974,19.980267,44.56814,61.650677,62.763916,43.18618,True
0,328.01,Marviator,22,Breakout,2,11,0,6,0,0,270,2547,2314,2722,3213,179.86,84.62,59.7,223.67,100.51,228.91,95.27,189.0,130.8,2.0,138.0,181.8,55.481525,18.415695,26.102783,68.99562,31.004381,70.61201,29.387995,61.557503,42.6017,44.946747,59.212456,False
0,355.1838,Azu^^,4284,Fennec,4,6,2,1,1,0,388,3350,3135,3703,4209,135.27,117.08,102.48,200.63,154.21,251.03,103.81,129.3,115.8,1.0,108.5,132.3,38.12248,28.881435,32.996082,56.540974,43.459023,70.74456,29.25544,38.349743,34.34571,32.180565,39.23953,False
0,383.1762,Pipsqueakk,23,Octane,5,12,2,3,2,0,506,2810,2336,3186,3619,197.54,99.09,80.66,250.4,126.89,250.15,127.14,101.2,151.9,1.0,122.2,120.7,52.3576,21.37878,26.263617,66.36805,33.631958,66.30179,33.69822,27.716156,41.60162,33.467533,33.05672,False
0,335.85883,1;OBL | Gamdom.com,22,Breakout,2,5,2,3,0,1,580,2440,2333,2491,3498,151.59,102.76,74.17,201.25,127.27,258.43,70.09,179.4,149.1,1.0,158.6,168.7,46.14331,22.577013,31.27968,61.25959,38.740414,78.664925,21.335077,57.520275,47.805317,50.85126,54.08958,False
0,367.318,Ayy Lmao Ricochet,23,Octane,2,7,1,2,1,0,450,2791,2500,3022,3361,191.01,98.31,77.56,245.21,121.66,266.62,100.26,173.0,186.6,1.0,170.9,188.5,52.063343,21.140427,26.796227,66.838394,33.16161,72.672264,27.327736,49.531883,53.425716,48.93063,53.96971,False
0,373.25055,LassySenpai,4284,Fennec,3,6,3,2,0,0,465,2895,2960,2863,3179,207.32,90.12,75.33,253.95,118.81,282.03,90.74,123.1,128.1,1.0,107.0,128.1,55.616062,20.20817,24.175764,68.126945,31.873055,75.65791,24.342089,35.256042,36.688053,30.644976,36.688053,False
0,333.398,Humbz,4284,Fennec,4,5,1,1,0,0,234,3212,3147,3282,3954,137.47,101.2,94.49,189.51,143.65,237.01,96.15,116.3,113.4,0.0,88.2,123.5,41.26246,28.36175,30.375797,56.882584,43.11742,71.13999,28.860006,36.192196,35.289726,27.447563,38.43281,False
0,473.8026,NeePAT,2269,'99 Nissan Skyline GT-R R34,2,7,1,3,0,0,440,2868,2863,2797,3317,221.38,158.66,92.96,307.11,165.74,370.88,102.11,277.3,185.6,3.0,197.1,265.7,46.803383,19.653276,33.54334,64.948715,35.051285,78.411804,21.588194,61.644135,41.259113,43.81558,59.06545,False
0,304.09158,BAD STEVEN,1568,Octane ZSR,0,8,0,6,1,0,170,2497,2166,2700,3339,134.64,93.36,75.33,186.2,117.07,172.35,130.99,110.4,179.0,3.0,137.8,151.4,44.3873,24.834337,30.778358,61.397438,38.602566,56.81743,43.182568,39.00371,63.23971,48.68398,53.48878,False
0,425.07,Stoobie,1624,Endo,5,5,1,3,1,1,520,2981,2920,3010,3267,206.95,114.6,95.58,269.43,147.69,308.14,108.98,217.6,197.9,2.0,178.9,236.7,49.61283,22.91372,27.47345,64.592926,35.407078,73.87322,26.126772,54.262985,49.350388,44.612354,59.02596,False
0,315.94885,WarmSkunk553,4284,Fennec,4,9,1,4,1,0,264,2981,2863,3094,3709,142.61,93.97,75.86,194.62,117.81,213.89,98.54,111.7,92.9,2.0,99.6,114.8,45.643963,24.279861,30.076174,62.292355,37.70765,68.46014,31.539865,37.108402,30.86276,33.0886,38.138268,False
0,467.24634,moss-ban,4770,Dominus,4,11,1,4,2,0,469,2887,2819,2990,3788,216.49,141.09,107.69,283.66,181.61,335.48,129.79,142.9,146.7,1.0,160.9,130.0,46.529972,23.1457,30.32433,60.966747,39.03325,72.10437,27.895628,32.23405,33.09122,36.294323,29.32419,False
0,380.6853,Schorsch.,4284,Fennec,1,6,0,4,0,1,140,3032,2913,3131,3513,160.58,139.9,79.65,233.1,147.03,280.93,99.2,130.7,136.7,2.0,119.6,131.2,42.243443,20.953358,36.803196,61.321125,38.67887,73.90366,26.096334,36.65171,38.334267,33.53898,36.791924,False
0,376.632,Donny,23,Octane,3,10,2,3,3,1,820,2477,2299,2731,3883,189.66,115.56,67.52,244.53,128.22,281.37,91.38,169.9,211.0,2.0,221.6,159.2,50.882652,18.114502,31.002844,65.60161,34.39839,75.48491,24.51509,48.19858,59.858154,62.86525,45.16312,True
0,344.38272,Thats Mr. Toes to You,23,Octane,2,7,0,3,0,0,134,3165,2831,3441,3505,197.97,95.42,49.03,248.23,94.19,237.05,105.36,133.6,118.3,1.0,86.3,147.2,57.81497,14.318674,27.866364,72.49285,27.507156,69.22987,30.770128,40.561058,35.915962,26.20074,44.69002,False
0,186.35951,Kung ^-^,4284,Fennec,0,7,0,3,2,0,163,2344,2224,2440,3239,87.19,61.97,36.93,111.94,74.15,125.42,60.67,57.1,47.3,1.0,66.2,43.3,46.853672,19.845236,33.30109,60.15369,39.846313,67.3975,32.602505,32.19804,26.67193,37.329422,24.416376,False
0,336.51965,PWN1N,4770,Dominus,4,7,0,1,1,0,218,2787,2807,2719,3628,182.1,92.31,61.76,226.63,109.55,247.38,88.8,117.4,97.1,1.0,117.4,94.2,54.169025,18.371658,27.459322,67.41329,32.58671,73.58558,26.414421,36.17762,29.922035,36.17762,29.02838,False
0,357.79004,adrigalos,23,Octane,3,7,1,2,2,0,372,2642,2617,2654,3736,167.66,96.05,90.67,217.31,137.09,261.48,92.91,108.0,101.9,1.0,132.0,94.2,47.310795,25.58553,27.103674,61.317722,38.68228,73.78312,26.216879,31.784336,29.98911,38.847523,27.723005,False
0,366.94836,mangos,4284,Fennec,1,11,0,3,3,3,535,2813,2627,2893,3548,231.28,88.15,46.94,287.99,78.38,252.71,113.66,116.0,110.2,2.0,121.0,117.1,63.12744,12.812184,24.060377,78.60633,21.393673,68.976715,31.023283,33.537643,31.86076,34.98323,33.85567,False
0,364.1659,Fayzxn,4284,Fennec,3,12,1,5,0,0,378,2760,2697,2771,3483,197.12,86.47,72.35,243.21,112.73,255.66,100.28,112.2,132.0,2.0,143.9,97.0,55.38012,20.32646,24.29342,68.32893,31.671068,71.82671,28.173288,32.696117,38.466022,41.93379,28.266697,False
0,368.94604,zhrani_z702,23,Octane,1,8,1,3,4,2,614,3034,2932,3149,3517,175.29,109.04,83.42,231.22,136.53,270.37,97.38,128.3,96.7,1.0,109.3,127.6,47.665535,22.68389,29.650578,62.874237,37.125763,73.52006,26.479946,37.19919,28.037113,31.690346,36.99623,True
0,367.4882,Aero,4284,Fennec,4,8,2,4,1,0,473,2674,2707,2667,3490,192.1,111.79,61.98,255.66,110.22,276.76,89.11,128.2,99.9,3.0,125.5,95.7,52.50499,16.940443,30.55457,69.87537,30.12463,75.644356,24.355646,36.998558,28.83117,36.219337,27.619047,False
0,362.49033,Herk,4284,Fennec,6,6,1,2,1,1,411,3404,3159,3587,4038,174.24,86.27,98.56,215.42,143.66,246.44,112.63,132.3,123.1,1.0,96.0,143.8,48.52536,27.448689,24.025957,59.9922,40.007797,68.63286,31.367142,38.403484,35.732944,27.866472,41.741653,False
0,380.88647,marsHm311oW,1295,Takumi RX-T,3,9,1,4,1,0,370,3304,3254,3324,4045,166.94,119.73,90.94,234.75,142.87,267.11,110.51,192.6,165.2,1.0,153.1,204.7,44.209633,24.083048,31.707315,62.16567,37.83433,70.73512,29.26487,53.975285,46.29656,42.90559,57.366257,False
0,324.1686,Corndog,23,Octane,2,7,0,2,1,0,234,2878,2678,3060,3667,147.53,87.52,79.92,190.07,124.9,225.65,89.32,122.3,105.4,2.0,118.9,120.9,46.839382,25.373844,27.786774,60.34543,39.65457,71.64175,28.358255,38.79953,33.438026,37.720886,38.355385,False
0,263.732,gavinuh.,23,Octane,3,3,2,1,0,0,328,2828,2585,3178,3667,112.51,92.79,58.08,164.44,98.95,215.45,47.94,109.2,71.3,1.0,74.5,93.0,42.717747,22.051788,35.230465,62.432133,37.567863,81.79886,18.201147,43.390156,28.330753,29.602257,36.95315,True
0,342.5558,Snarled Mist,803,'16 Batmobile,0,2,0,2,0,0,136,3020,2703,3439,3905,129.14,100.67,112.31,182.43,159.7,234.14,107.98,101.2,117.9,0.0,102.9,117.6,37.74699,32.827663,29.425348,53.321835,46.67816,68.43797,31.562025,30.620272,35.67322,31.134644,35.58245,False
0,364.1659,plummy_pyjamas34,23,Octane,1,12,0,5,2,0,150,3056,3275,2881,3363,197.0,107.08,52.26,258.59,97.75,260.12,96.23,120.1,110.7,0.0,105.3,117.6,55.28428,14.665769,30.049953,72.56834,27.431667,72.99565,27.004349,34.998253,32.259003,30.685394,34.26973,False
0,450.6133,Chim,4770,Dominus,3,9,2,2,3,0,628,3280,3145,3424,3889,217.18,138.38,94.55,294.45,155.66,326.38,123.74,116.1,175.0,0.0,148.7,154.2,48.25043,21.005978,30.743597,65.41734,34.582657,72.50955,27.490448,26.840828,40.457752,34.37753,35.64906,True
0,380.6853,ObsoleteNinja,23,Octane,2,6,2,4,0,0,370,2939,2612,3256,3455,163.08,106.51,102.27,213.87,157.99,300.73,71.13,114.0,110.0,0.0,123.8,111.5,43.855213,27.502285,28.642498,57.513584,42.486423,80.87183,19.128164,31.968592,30.846888,34.71677,31.267527,False
0,346.89587,Chim,4770,Dominus,1,10,0,4,2,0,235,3297,2829,3523,3842,199.41,99.83,43.93,261.26,81.93,231.38,111.8,130.1,106.2,1.0,103.6,117.5,58.10823,12.801236,29.09054,76.12692,23.873074,67.42235,32.577656,39.20683,32.00434,31.220808,35.4097,False
0,331.956,Can't Fly,403,Dominus,4,5,2,4,1,0,510,2743,2642,2871,3267,155.28,109.17,66.85,214.91,116.39,246.92,84.38,191.6,130.7,1.0,130.9,191.4,46.869907,20.178087,32.952007,64.8687,35.1313,74.53064,25.469364,61.026882,41.62951,41.693207,60.96318,False
0,383.117,Can't Fly,403,Dominus,7,5,5,3,2,0,1230,2215,2111,2366,3442,162.56,108.07,111.41,218.95,163.09,292.01,90.03,197.5,178.7,2.0,238.0,138.2,42.550518,29.161867,28.287613,57.310757,42.68925,76.4344,23.565596,55.92841,50.60459,67.39728,39.135727,True
0,356.14163,GrabAndTwistIt,23,Octane,0,16,0,2,2,1,327,3016,3138,2852,3716,204.25,91.64,50.17,253.76,92.31,257.35,88.71,134.4,103.9,1.0,107.1,129.7,59.021557,14.497486,26.480957,73.3262,26.673794,74.365715,25.634283,39.746845,30.726917,31.67327,38.35689,False
0,268.8301,ch?,23,Octane,2,9,0,4,2,0,286,3054,3090,3007,3563,164.93,66.24,32.22,198.92,64.46,206.15,57.23,133.1,56.6,2.0,71.5,100.6,62.618176,12.232811,25.14902,75.525856,24.474144,78.270935,21.729061,51.816097,22.034492,27.835093,39.16378,False
0,149.12271,ImVengeanceRL,23,Octane,5,1,3,0,1,0,473,2420,2311,2610,3648,64.12,34.76,50.01,78.23,70.66,127.33,21.56,35.5,57.7,0.0,64.6,31.7,43.065353,33.588554,23.346092,52.542145,47.457855,85.51951,14.480489,25.34266,41.190746,46.116505,22.629925,True
0,287.2518,AlexWalters,4284,Fennec,4,7,3,0,1,0,516,3293,3279,3315,3829,134.05,100.11,46.71,185.85,95.02,205.52,75.35,81.8,93.0,0.0,71.3,92.3,47.726707,16.63047,35.642826,66.1694,33.830597,73.172646,26.827358,29.72168,33.79115,25.90655,33.536808,False
0,326.0979,marc,4284,Fennec,2,4,1,0,0,0,222,2802,2684,2980,3581,119.36,108.85,91.7,177.15,142.76,217.9,102.02,99.0,111.4,0.0,109.8,105.9,37.310493,28.664312,34.025196,55.374954,44.62505,68.11078,31.889223,31.22142,35.13198,34.62739,33.397457,False
0,398.92407,IBlazeI,5979,Tyranno GXT,3,6,0,1,1,1,236,2674,2915,2463,3466,153.57,133.32,106.78,221.07,172.61,282.8,110.87,118.0,114.5,0.0,113.6,112.3,39.00983,27.12424,33.86593,56.154747,43.845257,71.836815,28.163183,30.498837,29.594212,29.361593,29.025589,False
0,373.25055,OG_Slayer,4284,Fennec,5,6,2,2,1,1,482,2910,3039,2812,3249,216.66,97.9,52.11,264.03,102.64,283.73,82.94,115.7,115.3,0.0,114.8,126.5,59.08855,14.211688,26.699757,72.00753,27.992474,77.38021,22.619793,33.13667,33.02211,32.87891,36.22981,True
0,363.54257,R E D,23,Octane,5,4,2,2,2,2,564,2936,2922,2911,3773,148.51,120.99,92.05,209.61,151.95,267.83,93.72,107.4,119.0,1.0,111.0,115.0,41.07592,25.459827,33.464252,57.97378,42.02622,74.07827,25.921726,31.36316,34.750614,32.414436,33.582523,True
0,452.9153,vKatia,403,Dominus,3,8,0,2,2,1,394,2821,2791,2792,3713,221.06,133.09,94.11,298.09,150.16,348.52,99.74,188.2,123.2,2.0,157.9,138.9,49.315132,20.994513,29.69036,66.50084,33.499165,77.74953,22.25048,43.281284,28.332912,36.31304,31.943518,False
0,364.356,Kippo,23,Octane,3,8,1,2,3,2,710,2808,2864,2768,3564,209.11,101.93,50.68,268.54,93.0,292.81,68.9,223.1,138.3,1.0,169.5,190.8,57.80991,14.010837,28.179255,74.2767,25.723293,80.95159,19.048409,64.98122,40.281944,49.36941,55.573357,False
0,190.14224,curtisman20,1568,Octane ZSR,1,3,1,1,0,1,212,3223,3358,2707,4010,90.19,49.01,47.53,115.29,71.44,142.22,44.51,50.5,59.8,0.0,63.1,56.1,48.299686,25.453865,26.246452,61.741547,38.258446,76.163445,23.836555,29.33829,34.741184,36.65834,32.591644,False
0,281.141,Flash,23,Octane,2,10,0,6,2,1,300,2741,2858,2454,3341,138.05,93.68,48.46,196.3,83.9,190.67,89.53,127.4,134.4,2.0,138.7,123.3,49.270138,17.295406,33.434456,70.0571,29.942896,68.04782,31.952175,50.14366,52.898804,54.59125,48.52993,False
0,398.92407,Musty Gucc,4284,Fennec,6,6,1,1,1,0,366,2299,2279,2309,3541,131.21,127.57,135.02,196.0,197.8,272.57,121.24,95.7,163.2,1.0,152.7,101.6,33.318943,34.286438,32.394615,49.771458,50.228542,69.21358,30.78642,24.735075,42.181442,39.467564,26.260015,False
0,377.93643,Virrexo,4770,Dominus,1,14,0,7,1,0,116,3496,3793,3183,3851,236.49,80.39,53.19,282.55,87.52,280.05,90.02,150.8,101.1,3.0,81.5,155.3,63.904125,14.372956,21.722918,76.35042,23.649582,75.67487,24.325129,44.11937,29.578703,23.844355,45.43593,False
0,362.49033,Jerome H. Powell,4284,Fennec,5,6,1,2,1,0,421,2945,2691,3251,3940,188.02,101.02,57.69,249.4,97.33,272.07,74.66,151.4,78.1,1.0,136.1,108.3,54.22663,16.638306,29.135061,71.92917,28.070835,78.46739,21.532606,43.947746,22.670538,39.506535,31.436865,True
0,218.062,*RmC* Kunib3rt,403,Dominus,2,9,1,5,1,0,240,2465,2429,2538,2747,125.89,47.77,40.66,152.54,61.78,142.73,71.59,94.0,110.5,4.0,105.9,98.2,58.739265,18.97163,22.289099,71.17394,28.826056,66.59668,33.40332,46.97651,55.222385,52.92354,49.075462,False
0,392.269,[TRT] Joke,2070,Werewolf,3,5,2,4,1,1,670,2926,2633,3179,3502,199.33,102.35,89.48,250.84,140.33,270.25,120.91,175.9,206.6,0.0,190.2,192.1,50.958687,22.87555,26.165764,64.12557,35.874428,69.08938,30.910625,48.56165,57.03716,52.509525,53.03407,True
0,315.787,L4COVSKy,23,Octane,3,2,1,0,0,0,350,3048,2805,3287,3536,157.86,88.4,69.36,204.73,110.89,245.61,70.01,161.4,158.1,0.0,164.9,154.5,50.015842,21.975794,28.008366,64.86598,35.13402,77.81826,22.181738,52.093082,51.02799,53.222736,49.86606,False
0,370.58313,Can't Fly,403,Dominus,5,6,3,3,2,1,1010,2284,1852,2691,3101,175.09,100.46,94.1,226.42,143.23,250.6,119.05,138.0,219.2,1.0,217.9,138.4,47.36643,25.456512,27.17706,61.252537,38.747463,67.79385,32.20614,39.818794,63.248405,62.8733,39.934208,True
0,356.14163,ATrainLemieux,4284,Fennec,2,16,1,2,2,0,335,3031,3255,2782,3448,210.6,104.22,34.82,272.11,77.52,257.87,91.76,140.0,99.9,0.0,90.0,135.4,60.23338,9.958815,29.8078,77.82799,22.17201,73.75511,26.244886,41.402966,29.543974,26.616194,40.04258,False
0,355.866,KaM1KaTzZzE,23,Octane,3,12,0,4,2,0,380,2547,2353,2728,3508,161.79,103.65,89.94,219.81,135.57,217.86,137.52,136.4,220.5,2.0,187.7,169.2,45.525913,25.30812,29.165962,61.8521,38.1479,61.303394,38.696606,40.377724,65.27338,55.563778,50.087326,False
0,349.572,PussyHunter69( a \ a),403,Dominus,4,3,1,3,0,0,480,2682,2479,2885,3038,149.57,130.71,68.81,224.23,124.86,243.58,105.51,157.0,186.4,3.0,158.8,184.7,42.845684,19.711248,37.443066,64.23272,35.76728,69.7757,30.224298,46.92871,55.716637,47.466747,55.208492,False
0,352.10126,madbunny96,1932,Animus GP,1,5,1,2,1,0,214,2804,2782,2807,3444,144.58,145.25,61.95,234.3,117.48,246.56,105.22,68.1,129.3,0.0,115.4,78.1,41.099552,17.61044,41.290012,66.604126,33.395874,70.089264,29.91074,20.38434,38.703304,34.542625,23.377636,False
0,358.09537,Hayoung-,23,Octane,3,7,2,2,2,1,462,2829,2590,3150,3730,148.47,130.67,75.43,218.6,135.97,254.78,99.79,109.2,114.8,1.0,122.7,102.7,41.873253,21.273655,36.85309,61.65214,38.34786,71.85605,28.143948,32.110092,33.756763,36.079746,30.198778,True
0,361.198,mark,23,Octane,4,6,2,5,0,1,550,2510,2786,2260,3145,170.33,93.06,95.22,213.15,145.34,273.32,85.29,194.2,166.9,2.0,172.5,188.6,47.497284,26.552523,25.950197,59.457726,40.542274,76.2165,23.783497,57.600475,49.50319,51.16417,55.939495,False
0,354.96164,Azu^^,4284,Fennec,4,6,2,1,1,0,388,3354,3126,3730,4214,134.91,117.18,102.38,200.35,154.12,250.36,104.1,130.3,117.0,1.0,109.8,134.3,38.05964,28.882557,33.057804,56.521004,43.478996,70.631386,29.368618,38.673866,34.72634,32.589336,39.86109,False
0,333.17154,TwoXPanda,23,Octane,5,6,1,1,2,1,477,3001,3047,2971,3554,137.97,124.46,64.27,191.75,134.94,264.62,62.07,159.9,95.7,1.0,98.6,132.6,42.231407,19.672482,38.096115,58.694786,41.305214,81.000336,18.999662,49.785164,29.796377,30.699297,41.285263,True
0,253.95894,Can't Fly,403,Dominus,2,3,1,0,0,1,390,2820,2615,3064,4010,108.81,61.75,80.04,135.28,115.31,201.39,49.21,137.8,113.9,0.0,120.9,130.7,43.419792,31.939344,24.640862,53.984596,46.015404,80.36313,19.636871,56.24949,46.49359,49.350967,53.351295,False
0,367.4882,The Bone Ranger,2853,Twinzer,0,8,0,4,1,0,148,2941,2723,3170,3525,192.74,98.52,74.81,261.69,104.39,247.19,118.88,116.9,130.0,0.0,120.4,128.9,52.651134,20.435984,26.912888,71.484375,28.515623,67.52534,32.474663,33.737373,37.518036,34.747475,37.200573,False
0,290.78833,!Comingin,23,Octane,6,3,1,1,1,0,312,3016,3293,2536,3703,106.92,103.25,77.16,162.72,124.61,220.47,66.86,97.6,88.2,1.0,85.8,82.7,37.211567,26.85414,35.934288,56.631744,43.36825,76.73058,23.26941,35.781063,32.334934,31.455072,30.318584,False
0,344.22693,Can't Fly,403,Dominus,0,6,0,3,4,0,480,2289,1873,2737,3312,166.41,109.66,67.64,226.17,117.43,249.52,94.19,162.6,181.1,1.0,199.4,144.4,48.415813,19.67938,31.904802,65.82363,34.17637,72.59608,27.403913,49.39697,55.017162,60.5766,43.867905,False
0,485.046,TheHolyOtter,1919,Centio,4,9,2,7,2,4,970,2375,2281,2481,3112,211.84,167.8,102.86,307.2,175.3,343.26,139.25,227.9,239.5,5.0,247.1,220.2,43.904663,21.318134,34.777203,63.668396,36.331608,71.140495,28.859505,51.11814,53.720028,55.424717,49.391026,False
0,216.791,Can't Fly,403,Dominus,4,4,3,0,1,1,830,2552,2514,2654,3636,113.29,59.77,39.0,141.77,70.29,157.22,54.83,102.3,101.2,0.0,112.6,90.8,53.423557,18.39102,28.185417,66.85372,33.14628,74.14289,25.85711,49.948734,49.41165,54.977783,44.333775,True
0,186.35951,AyoChil1,23,Octane,1,7,0,3,1,0,120,3152,2620,3655,3709,86.26,59.25,40.58,115.99,70.11,113.76,72.33,58.3,68.6,1.0,48.1,83.5,46.353916,21.806654,31.839434,62.326706,37.673294,61.13171,38.86829,32.874706,38.68276,27.123041,47.084698,False
0,383.1762,kaebun,23,Octane,1,12,0,3,1,1,220,3053,3076,3069,3632,200.54,124.22,54.67,269.26,110.17,270.54,108.9,127.8,126.9,1.0,110.5,144.9,52.852966,14.408455,32.738583,70.96434,29.03566,71.29981,28.70019,35.001232,34.754745,30.263193,39.684494,False
0,399.542,Can't Fly,403,Dominus,1,11,1,7,0,0,410,2452,2332,2597,3211,238.05,107.8,52.63,295.12,103.3,263.73,134.75,207.3,172.3,2.0,212.5,167.1,59.739513,13.20769,27.052801,74.07259,25.927414,66.184006,33.815998,56.571335,47.019978,57.990395,45.600918,False
0,425.07,Piikay,23,Octane,6,5,3,3,1,1,940,2142,2128,2136,3267,191.4,127.27,105.45,265.16,158.97,321.53,102.6,204.4,213.2,1.0,232.3,185.2,45.128742,24.863249,30.008018,62.518566,37.481434,75.8093,24.190697,50.971294,53.165756,57.92873,46.183384,True
0,269.8787,teriyaki turbski,4284,Fennec,6,2,1,0,1,1,388,2559,2423,2709,3567,101.99,96.71,67.99,157.91,108.78,201.49,65.2,75.4,70.1,0.0,99.1,67.4,38.242905,25.494019,36.263077,59.211067,40.78893,75.55214,24.447859,28.909935,26.877804,37.99701,25.842567,True
0,526.24133,Klexic,4284,Fennec,2,17,1,3,3,1,572,2747,2631,2850,3388,253.36,152.0,117.99,334.88,188.47,340.29,183.06,143.7,208.2,0.0,175.2,177.5,48.411198,22.545143,29.043663,63.987774,36.01223,65.0215,34.978504,28.2746,40.965702,34.47258,34.925133,False
0,344.596,Can't Fly,403,Dominus,2,9,1,4,2,0,620,2742,2279,3058,3977,170.57,90.05,80.58,217.61,123.59,227.79,113.41,147.4,198.0,0.0,184.9,160.3,49.991207,23.616646,26.392145,63.77784,36.222157,66.76143,33.238567,44.71409,60.063705,56.089794,48.627335,False
0,221.93332,WarmSkunk553,4284,Fennec,2,1,1,0,0,1,236,2882,3060,2530,3836,74.3,57.7,89.58,102.52,119.06,153.81,67.77,67.7,77.7,0.0,62.7,72.3,33.53191,40.427837,26.040257,46.267715,53.73229,69.415115,30.58489,32.244232,37.007046,29.86283,34.43513,False
0,353.89926,Murphsmurph,23,Octane,9,7,2,3,1,1,564,2795,2517,2969,3633,185.33,84.9,80.14,231.34,119.03,263.3,87.07,110.7,101.2,1.0,128.6,92.0,52.89551,22.872963,24.231527,66.02734,33.972656,75.149124,24.850872,33.563763,30.683403,38.990967,27.894003,True
0,361.57324,TTV WickyWhybs,4284,Fennec,4,8,1,3,3,0,616,2465,2185,2685,3626,180.03,95.17,82.81,228.14,129.87,270.23,87.78,106.2,108.5,1.0,159.8,77.3,50.286304,23.130638,26.583055,63.724476,36.27552,75.48113,24.518867,30.91343,31.58293,46.51569,22.50102,False
0,347.9106,Fleng,1883,Imperator DT5,2,3,0,1,1,1,280,2602,2502,2609,3505,159.09,138.09,47.45,238.23,106.39,267.11,77.52,202.7,141.6,1.0,155.2,189.1,46.16255,13.768389,40.069057,69.12832,30.871685,77.50631,22.493689,60.338154,42.150387,46.198727,56.289814,False
0,352.10126,DEADLYFEET1001,403,Dominus,1,5,1,2,0,2,344,3277,3302,3247,3622,194.09,103.93,50.76,252.21,96.57,272.4,76.38,145.3,82.7,1.0,114.8,133.2,55.64826,14.553587,29.798153,72.31206,27.68794,78.10081,21.89919,43.492577,24.75455,34.36303,39.87069,True
0,327.70993,BloeJaga,403,Dominus,0,7,0,2,1,0,226,2607,2518,2683,3582,158.34,96.54,63.65,203.75,114.78,219.64,98.89,129.2,92.6,0.0,123.8,103.1,49.709602,19.98242,30.307978,63.965717,36.034283,68.95426,31.045742,40.547325,29.061008,38.852623,32.356262,False
0,254.10706,IVI ac,4284,Fennec,1,8,0,5,0,0,106,2657,2265,2694,3244,157.97,54.92,40.9,185.45,68.34,172.94,80.85,92.4,58.9,0.0,85.6,61.1,62.244377,16.115688,21.639938,73.07223,26.927774,68.14295,31.857046,38.644917,24.634045,35.80092,25.554161,False
0,352.10126,Kurtballer962,23,Octane,3,5,1,2,0,1,300,3294,3229,3389,3587,166.42,117.61,67.68,228.11,123.6,263.63,88.09,122.7,122.6,1.0,100.9,125.5,47.31739,19.243126,33.43948,64.857414,35.14259,74.954506,25.04549,36.72773,36.6978,30.202349,37.565853,False
0,334.147,[huiTre] tMd^,1568,Octane ZSR,2,2,0,2,0,0,250,2660,2669,2647,3403,137.54,106.36,89.92,184.81,148.92,243.1,90.72,159.9,168.7,0.0,148.6,180.8,41.201843,26.936672,31.86148,55.377106,44.622902,72.82368,27.176321,49.63372,52.365284,46.126152,56.12118,False
0,370.843,bananowysong,403,Dominus,6,6,4,3,1,0,970,2551,2487,2662,3629,211.24,108.38,47.15,267.29,99.4,284.69,82.08,179.1,181.3,1.0,208.6,151.8,57.594673,12.855468,29.549852,72.89263,27.107367,77.62085,22.379147,52.558983,53.2046,61.216103,44.54748,True
0,362.49033,Godfather,4284,Fennec,3,6,1,2,1,2,358,3325,3040,3552,3975,132.61,137.19,86.31,207.48,148.63,230.61,125.51,78.5,150.1,0.0,116.1,118.3,37.238495,24.236895,38.524616,58.262897,41.737106,64.75626,35.24374,22.786648,43.570396,33.701015,34.339622,False
0,269.8787,d ~inshallah~,4284,Fennec,1,2,0,0,1,0,206,3240,3158,3389,3825,114.36,102.93,52.48,169.27,100.5,206.17,63.6,96.5,92.7,0.0,89.7,93.6,42.39167,19.45361,38.154724,62.746037,37.253956,76.42436,23.57564,37.000114,35.543118,34.392853,35.888195,False
0,350.67935,Can't Fly,403,Dominus,4,5,2,1,2,0,840,2252,1940,2459,3687,169.84,89.86,87.55,214.08,133.03,249.37,97.88,151.4,195.9,0.0,217.8,129.4,48.910007,25.212383,25.87761,61.674976,38.325027,71.81281,28.187185,44.70428,57.843918,64.31039,38.208282,True
0,544.6697,Jeff Sunday,4284,Fennec,1,14,2,6,3,2,707,2894,2731,3076,3505,261.92,162.75,118.98,340.97,202.69,398.1,145.55,188.4,149.2,2.0,144.8,184.7,48.17806,21.885403,29.936539,62.717503,37.28249,73.22726,26.77274,37.045048,29.33716,28.47199,36.317516,False
0,350.55035,Sirbracco4,23,Octane,4,7,1,4,0,0,266,3021,3292,2805,3540,201.37,86.89,58.67,248.73,98.2,268.14,78.79,122.9,100.4,1.0,111.4,95.9,58.04341,16.911192,25.045399,71.69458,28.305422,77.28937,22.710632,36.952404,30.187319,33.494694,28.834301,False
0,407.562,Can't Fly,403,Dominus,7,7,3,5,1,2,1000,2798,2714,2889,3467,184.27,132.86,86.25,253.36,150.02,321.81,81.56,188.5,207.8,3.0,214.5,181.8,45.68149,21.381823,32.936684,62.80926,37.19074,79.78035,20.21965,50.740242,55.9354,57.738895,48.936745,True
0,409.191,[huiTre] tMd^,1568,Octane ZSR,2,5,1,5,0,0,330,2872,2576,3066,3726,208.14,125.43,73.73,274.52,132.78,301.5,105.79,201.9,191.6,2.0,205.5,188.0,51.102383,18.102139,30.795483,67.39995,32.60005,74.02588,25.974121,53.247883,50.53142,54.197323,49.58198,False
0,381.189,themarley,1856,Jäger 619,2,12,1,6,2,0,360,2547,2222,2794,3217,187.47,146.14,41.4,264.98,110.03,263.98,111.03,182.4,179.7,1.0,173.5,188.6,49.990665,11.039705,38.969627,70.659454,29.34055,70.39279,29.60721,51.494877,50.732616,48.982243,53.24525,False
0,526.24133,hunter,4284,Fennec,2,17,1,3,2,0,499,2761,2719,2757,3303,282.57,155.85,87.42,356.84,168.99,383.17,142.67,210.1,129.4,1.0,155.9,173.3,53.73688,16.62483,29.638296,67.862236,32.137764,72.86817,27.131826,41.33955,25.46091,30.675085,34.098736,False
0,324.1686,a.,23,Octane,2,7,0,2,2,0,277,2804,2542,2992,3538,121.54,110.72,85.67,179.65,138.29,194.5,123.43,79.1,122.0,0.0,108.3,94.4,38.228542,26.946184,34.825275,56.50437,43.495625,61.17699,38.823013,25.094381,38.704357,34.358047,29.94829,False
0,396.53964,Nax,4284,Fennec,1,8,1,4,0,0,262,3337,3179,3419,4054,209.77,120.97,64.44,273.3,121.89,281.16,114.03,124.6,121.1,1.0,114.1,129.4,53.082138,16.306492,30.611364,69.1566,30.843391,71.14552,28.854475,33.45775,32.517925,30.638275,34.746647,False
0,347.9915,ChickFila USA,23,Octane,3,9,2,0,4,0,718,2842,2860,2804,3510,194.83,78.19,74.5,232.92,114.6,265.74,81.79,139.0,95.7,0.0,107.0,119.6,56.062958,21.437614,22.499424,67.02348,32.97652,76.46534,23.534658,41.75177,28.745644,32.13985,35.924545,True
0,363.75015,avkro,4284,Fennec,1,4,1,2,0,1,262,2943,2789,3063,3757,141.51,113.0,99.88,199.05,155.34,231.37,123.02,105.1,120.6,0.0,96.1,121.0,39.930584,28.183641,31.885777,56.16693,43.833065,65.286835,34.71317,30.671803,35.195236,28.045292,35.31197,False
